Date,Open,High,Low,Close,Volume,Ask
2020.08.20 00:00,0.71803,0.71827,0.71790,0.71815,32,0
2020.08.20 00:05,0.71814,0.71829,0.71785,0.71829,41,0
2020.08.20 00:10,0.71821,0.71848,0.71816,0.71846,32,0
2020.08.20 00:15,0.71826,0.71827,0.71791,0.71806,63,0
2020.08.20 00:20,0.71801,0.71807,0.71796,0.71802,26,0
2020.08.20 00:25,0.71802,0.71805,0.71796,0.71799,56,0
2020.08.20 00:30,0.71799,0.71814,0.71795,0.71813,48,0
2020.08.20 00:35,0.71813,0.71850,0.71809,0.71846,59,0
2020.08.20 00:40,0.71846,0.71850,0.71809,0.71832,115,0
2020.08.20 00:45,0.71831,0.71867,0.71824,0.71826,121,0
2020.08.20 00:50,0.71826,0.71831,0.71794,0.71797,114,0
2020.08.20 00:55,0.71797,0.71839,0.71796,0.71835,114,0
2020.08.20 01:00,0.71835,0.71848,0.71808,0.71839,98,0
2020.08.20 01:05,0.71838,0.71852,0.71834,0.71835,63,0
2020.08.20 01:10,0.71835,0.71858,0.71828,0.71858,59,0
2020.08.20 01:15,0.71858,0.71876,0.71849,0.71859,57,0
2020.08.20 01:20,0.71858,0.71871,0.71850,0.71868,56,0
2020.08.20 01:25,0.71868,0.71871,0.71853,0.71854,52,0
2020.08.20 01:30,0.71852,0.71864,0.71849,0.71857,52,0
2020.08.20 01:35,0.71857,0.71869,0.71844,0.71864,61,0
2020.08.20 01:40,0.71864,0.71891,0.71863,0.71891,63,0
2020.08.20 01:45,0.71889,0.71905,0.71884,0.71905,74,0
2020.08.20 01:50,0.71903,0.71905,0.71896,0.71897,45,0
2020.08.20 01:55,0.71896,0.71901,0.71892,0.71895,57,0
2020.08.20 02:00,0.71896,0.71896,0.71852,0.71853,115,0
2020.08.20 02:05,0.71853,0.71854,0.71833,0.71849,64,0
2020.08.20 02:10,0.71849,0.71860,0.71842,0.71843,86,0
2020.08.20 02:15,0.71842,0.71861,0.71833,0.71844,108,0
2020.08.20 02:20,0.71846,0.71869,0.71844,0.71848,102,0
2020.08.20 02:25,0.71845,0.71872,0.71843,0.71867,89,0
2020.08.20 02:30,0.71868,0.71869,0.71824,0.71857,107,0
2020.08.20 02:35,0.71858,0.71886,0.71857,0.71883,115,0
2020.08.20 02:40,0.71883,0.71900,0.71864,0.71870,118,0
2020.08.20 02:45,0.71870,0.71871,0.71852,0.71858,72,0
2020.08.20 02:50,0.71858,0.71859,0.71823,0.71849,139,0
2020.08.20 02:55,0.71849,0.71868,0.71849,0.71862,185,0
2020.08.20 03:00,0.71866,0.71869,0.71818,0.71849,193,0
2020.08.20 03:05,0.71849,0.71877,0.71848,0.71848,161,0
2020.08.20 03:10,0.71848,0.71850,0.71820,0.71828,211,0
2020.08.20 03:15,0.71827,0.71839,0.71808,0.71819,148,0
2020.08.20 03:20,0.71819,0.71835,0.71807,0.71825,103,0
2020.08.20 03:25,0.71825,0.71874,0.71825,0.71868,126,0
2020.08.20 03:30,0.71867,0.71899,0.71846,0.71892,155,0
2020.08.20 03:35,0.71892,0.71911,0.71883,0.71897,128,0
2020.08.20 03:40,0.71896,0.71927,0.71895,0.71919,162,0
2020.08.20 03:45,0.71917,0.71919,0.71879,0.71890,186,0
2020.08.20 03:50,0.71891,0.71899,0.71862,0.71862,183,0
2020.08.20 03:55,0.71862,0.71874,0.71851,0.71863,177,0
2020.08.20 04:00,0.71863,0.71875,0.71839,0.71853,181,0
2020.08.20 04:05,0.71854,0.71879,0.71844,0.71858,150,0
2020.08.20 04:10,0.71858,0.71881,0.71853,0.71857,205,0
2020.08.20 04:15,0.71856,0.71857,0.71726,0.71728,269,0
2020.08.20 04:20,0.71728,0.71728,0.71654,0.71677,317,0
2020.08.20 04:25,0.71676,0.71699,0.71657,0.71696,278,0
2020.08.20 04:30,0.71696,0.71710,0.71654,0.71686,326,0
2020.08.20 04:35,0.71686,0.71738,0.71673,0.71738,241,0
2020.08.20 04:40,0.71738,0.71739,0.71701,0.71719,268,0
2020.08.20 04:45,0.71719,0.71730,0.71707,0.71725,229,0
2020.08.20 04:50,0.71725,0.71730,0.71699,0.71720,181,0
2020.08.20 04:55,0.71720,0.71763,0.71710,0.71758,252,0
2020.08.20 05:00,0.71758,0.71758,0.71725,0.71747,183,0
2020.08.20 05:05,0.71745,0.71755,0.71735,0.71739,151,0
2020.08.20 05:10,0.71739,0.71758,0.71727,0.71728,157,0
2020.08.20 05:15,0.71728,0.71735,0.71696,0.71727,175,0
2020.08.20 05:20,0.71727,0.71761,0.71727,0.71748,204,0
2020.08.20 05:25,0.71749,0.71749,0.71727,0.71733,153,0
2020.08.20 05:30,0.71734,0.71741,0.71724,0.71726,182,0
2020.08.20 05:35,0.71725,0.71730,0.71694,0.71697,219,0
2020.08.20 05:40,0.71696,0.71705,0.71688,0.71694,148,0
2020.08.20 05:45,0.71694,0.71712,0.71680,0.71698,131,0
2020.08.20 05:50,0.71698,0.71716,0.71683,0.71711,123,0
2020.08.20 05:55,0.71713,0.71742,0.71701,0.71742,158,0
2020.08.20 06:00,0.71742,0.71754,0.71725,0.71753,144,0
2020.08.20 06:05,0.71753,0.71771,0.71739,0.71763,178,0
2020.08.20 06:10,0.71764,0.71816,0.71757,0.71816,189,0
2020.08.20 06:15,0.71816,0.71840,0.71798,0.71822,200,0
2020.08.20 06:20,0.71822,0.71872,0.71820,0.71872,190,0
2020.08.20 06:25,0.71872,0.71880,0.71845,0.71853,182,0
2020.08.20 06:30,0.71853,0.71856,0.71832,0.71835,145,0
2020.08.20 06:35,0.71835,0.71836,0.71816,0.71830,130,0
2020.08.20 06:40,0.71830,0.71832,0.71810,0.71824,134,0
2020.08.20 06:45,0.71826,0.71829,0.71809,0.71818,114,0
2020.08.20 06:50,0.71820,0.71838,0.71809,0.71836,107,0
2020.08.20 06:55,0.71835,0.71858,0.71830,0.71836,144,0
2020.08.20 07:00,0.71837,0.71857,0.71829,0.71844,105,0
2020.08.20 07:05,0.71844,0.71865,0.71844,0.71863,85,0
2020.08.20 07:10,0.71863,0.71871,0.71844,0.71850,110,0
2020.08.20 07:15,0.71849,0.71873,0.71840,0.71854,100,0
2020.08.20 07:20,0.71854,0.71856,0.71844,0.71846,67,0
2020.08.20 07:25,0.71846,0.71856,0.71834,0.71855,52,0
2020.08.20 07:30,0.71855,0.71867,0.71836,0.71847,106,0
2020.08.20 07:35,0.71847,0.71848,0.71836,0.71836,53,0
2020.08.20 07:40,0.71836,0.71848,0.71835,0.71846,44,0
2020.08.20 07:45,0.71846,0.71857,0.71839,0.71843,56,0
2020.08.20 07:50,0.71842,0.71845,0.71805,0.71805,86,0
2020.08.20 07:55,0.71805,0.71832,0.71805,0.71816,127,0
2020.08.20 08:00,0.71816,0.71819,0.71775,0.71775,80,0
2020.08.20 08:05,0.71775,0.71788,0.71769,0.71786,147,0
2020.08.20 08:10,0.71786,0.71803,0.71779,0.71780,57,0
2020.08.20 08:15,0.71780,0.71780,0.71766,0.71767,78,0
2020.08.20 08:20,0.71767,0.71782,0.71744,0.71750,127,0
2020.08.20 08:25,0.71749,0.71762,0.71730,0.71747,115,0
2020.08.20 08:30,0.71747,0.71758,0.71718,0.71720,171,0
2020.08.20 08:35,0.71719,0.71748,0.71719,0.71721,109,0
2020.08.20 08:40,0.71721,0.71733,0.71675,0.71680,236,0
2020.08.20 08:45,0.71680,0.71708,0.71680,0.71700,123,0
2020.08.20 08:50,0.71700,0.71710,0.71667,0.71692,171,0
2020.08.20 08:55,0.71691,0.71725,0.71690,0.71725,225,0
2020.08.20 09:00,0.71723,0.71734,0.71695,0.71729,160,0
2020.08.20 09:05,0.71728,0.71760,0.71726,0.71752,162,0
2020.08.20 09:10,0.71752,0.71765,0.71704,0.71720,139,0
2020.08.20 09:15,0.71720,0.71727,0.71694,0.71696,130,0
2020.08.20 09:20,0.71696,0.71717,0.71668,0.71715,186,0
2020.08.20 09:25,0.71719,0.71739,0.71704,0.71731,141,0
2020.08.20 09:30,0.71733,0.71741,0.71711,0.71719,174,0
2020.08.20 09:35,0.71719,0.71730,0.71701,0.71706,121,0
2020.08.20 09:40,0.71706,0.71706,0.71676,0.71678,168,0
2020.08.20 09:45,0.71677,0.71682,0.71607,0.71626,244,0
2020.08.20 09:50,0.71626,0.71692,0.71626,0.71692,186,0
2020.08.20 09:55,0.71693,0.71698,0.71664,0.71690,228,0
2020.08.20 10:00,0.71690,0.71712,0.71682,0.71711,252,0
2020.08.20 10:05,0.71712,0.71812,0.71695,0.71790,313,0
2020.08.20 10:10,0.71790,0.71799,0.71740,0.71760,216,0
2020.08.20 10:15,0.71763,0.71805,0.71741,0.71770,254,0
2020.08.20 10:20,0.71771,0.71849,0.71767,0.71840,316,0
2020.08.20 10:25,0.71839,0.71855,0.71810,0.71848,227,0
2020.08.20 10:30,0.71845,0.71851,0.71810,0.71819,216,0
2020.08.20 10:35,0.71819,0.71819,0.71785,0.71790,206,0
2020.08.20 10:40,0.71790,0.71794,0.71757,0.71761,169,0
2020.08.20 10:45,0.71760,0.71760,0.71701,0.71701,162,0
2020.08.20 10:50,0.71703,0.71712,0.71690,0.71707,202,0
2020.08.20 10:55,0.71710,0.71730,0.71708,0.71713,172,0
2020.08.20 11:00,0.71713,0.71723,0.71654,0.71657,229,0
2020.08.20 11:05,0.71658,0.71665,0.71632,0.71648,227,0
2020.08.20 11:10,0.71648,0.71653,0.71558,0.71566,251,0
2020.08.20 11:15,0.71566,0.71568,0.71530,0.71535,195,0
2020.08.20 11:20,0.71533,0.71561,0.71500,0.71511,317,0
2020.08.20 11:25,0.71511,0.71511,0.71464,0.71473,326,0
2020.08.20 11:30,0.71473,0.71495,0.71445,0.71489,218,0
2020.08.20 11:35,0.71489,0.71527,0.71471,0.71519,247,0
2020.08.20 11:40,0.71519,0.71532,0.71494,0.71526,192,0
2020.08.20 11:45,0.71529,0.71539,0.71508,0.71514,194,0
2020.08.20 11:50,0.71513,0.71537,0.71467,0.71537,236,0
2020.08.20 11:55,0.71537,0.71582,0.71532,0.71560,211,0
2020.08.20 12:00,0.71559,0.71588,0.71555,0.71560,185,0
2020.08.20 12:05,0.71560,0.71638,0.71559,0.71627,193,0
2020.08.20 12:10,0.71627,0.71633,0.71566,0.71567,161,0
2020.08.20 12:15,0.71567,0.71577,0.71521,0.71523,134,0
2020.08.20 12:20,0.71523,0.71549,0.71520,0.71531,108,0
2020.08.20 12:25,0.71531,0.71531,0.71474,0.71509,195,0
2020.08.20 12:30,0.71509,0.71518,0.71476,0.71484,166,0
2020.08.20 12:35,0.71485,0.71521,0.71476,0.71521,172,0
2020.08.20 12:40,0.71519,0.71568,0.71502,0.71561,228,0
2020.08.20 12:45,0.71561,0.71572,0.71541,0.71570,170,0
2020.08.20 12:50,0.71570,0.71580,0.71542,0.71550,153,0
2020.08.20 12:55,0.71549,0.71575,0.71544,0.71572,139,0
2020.08.20 13:00,0.71572,0.71593,0.71557,0.71561,160,0
2020.08.20 13:05,0.71561,0.71590,0.71556,0.71568,143,0
2020.08.20 13:10,0.71569,0.71573,0.71529,0.71556,180,0
2020.08.20 13:15,0.71555,0.71561,0.71519,0.71533,210,0
2020.08.20 13:20,0.71533,0.71597,0.71530,0.71590,173,0
2020.08.20 13:25,0.71590,0.71628,0.71583,0.71617,162,0
2020.08.20 13:30,0.71617,0.71671,0.71612,0.71641,184,0
2020.08.20 13:35,0.71640,0.71653,0.71616,0.71617,159,0
2020.08.20 13:40,0.71616,0.71629,0.71597,0.71602,151,0
2020.08.20 13:45,0.71605,0.71626,0.71593,0.71621,126,0
2020.08.20 13:50,0.71621,0.71687,0.71613,0.71687,257,0
2020.08.20 13:55,0.71687,0.71689,0.71649,0.71666,192,0
2020.08.20 14:00,0.71667,0.71667,0.71611,0.71619,201,0
2020.08.20 14:05,0.71619,0.71623,0.71586,0.71607,170,0
2020.08.20 14:10,0.71607,0.71642,0.71607,0.71621,97,0
2020.08.20 14:15,0.71624,0.71626,0.71595,0.71597,140,0
2020.08.20 14:20,0.71597,0.71638,0.71592,0.71631,185,0
2020.08.20 14:25,0.71629,0.71653,0.71619,0.71648,127,0
2020.08.20 14:30,0.71648,0.71649,0.71610,0.71624,146,0
2020.08.20 14:35,0.71624,0.71669,0.71624,0.71646,190,0
2020.08.20 14:40,0.71648,0.71681,0.71645,0.71671,159,0
2020.08.20 14:45,0.71671,0.71713,0.71656,0.71657,171,0
2020.08.20 14:50,0.71658,0.71663,0.71610,0.71615,130,0
2020.08.20 14:55,0.71615,0.71640,0.71610,0.71629,179,0
2020.08.20 15:00,0.71628,0.71642,0.71597,0.71608,271,0
2020.08.20 15:05,0.71608,0.71634,0.71596,0.71599,170,0
2020.08.20 15:10,0.71599,0.71628,0.71592,0.71623,205,0
2020.08.20 15:15,0.71623,0.71625,0.71570,0.71577,233,0
2020.08.20 15:20,0.71575,0.71616,0.71573,0.71585,233,0
2020.08.20 15:25,0.71585,0.71600,0.71565,0.71565,140,0
2020.08.20 15:30,0.71565,0.71642,0.71565,0.71621,303,0
2020.08.20 15:35,0.71621,0.71689,0.71609,0.71682,278,0
2020.08.20 15:40,0.71682,0.71682,0.71637,0.71638,238,0
2020.08.20 15:45,0.71638,0.71642,0.71581,0.71610,260,0
2020.08.20 15:50,0.71609,0.71622,0.71524,0.71530,278,0
2020.08.20 15:55,0.71531,0.71548,0.71475,0.71489,347,0
2020.08.20 16:00,0.71489,0.71510,0.71459,0.71476,402,0
2020.08.20 16:05,0.71474,0.71484,0.71442,0.71447,380,0
2020.08.20 16:10,0.71448,0.71456,0.71399,0.71400,338,0
2020.08.20 16:15,0.71400,0.71420,0.71354,0.71410,394,0
2020.08.20 16:20,0.71407,0.71454,0.71390,0.71450,314,0
2020.08.20 16:25,0.71451,0.71452,0.71392,0.71401,285,0
2020.08.20 16:30,0.71401,0.71436,0.71382,0.71427,431,0
2020.08.20 16:35,0.71428,0.71482,0.71427,0.71448,342,0
2020.08.20 16:40,0.71448,0.71461,0.71381,0.71459,388,0
2020.08.20 16:45,0.71458,0.71496,0.71439,0.71488,440,0
2020.08.20 16:50,0.71488,0.71517,0.71482,0.71516,373,0
2020.08.20 16:55,0.71516,0.71541,0.71503,0.71509,326,0
2020.08.20 17:00,0.71510,0.71512,0.71454,0.71459,397,0
2020.08.20 17:05,0.71459,0.71546,0.71459,0.71541,315,0
2020.08.20 17:10,0.71541,0.71571,0.71535,0.71551,277,0
2020.08.20 17:15,0.71551,0.71587,0.71549,0.71586,306,0
2020.08.20 17:20,0.71586,0.71609,0.71546,0.71561,251,0
2020.08.20 17:25,0.71561,0.71601,0.71544,0.71558,307,0
2020.08.20 17:30,0.71561,0.71620,0.71559,0.71614,359,0
2020.08.20 17:35,0.71616,0.71623,0.71576,0.71579,256,0
2020.08.20 17:40,0.71579,0.71579,0.71545,0.71551,294,0
2020.08.20 17:45,0.71552,0.71603,0.71536,0.71595,311,0
2020.08.20 17:50,0.71596,0.71663,0.71584,0.71656,379,0
2020.08.20 17:55,0.71654,0.71691,0.71609,0.71624,347,0
2020.08.20 18:00,0.71622,0.71631,0.71577,0.71605,294,0
2020.08.20 18:05,0.71605,0.71605,0.71550,0.71557,192,0
2020.08.20 18:10,0.71557,0.71601,0.71556,0.71583,209,0
2020.08.20 18:15,0.71582,0.71601,0.71569,0.71596,163,0
2020.08.20 18:20,0.71596,0.71627,0.71595,0.71627,189,0
2020.08.20 18:25,0.71628,0.71655,0.71625,0.71643,185,0
2020.08.20 18:30,0.71641,0.71666,0.71634,0.71654,220,0
2020.08.20 18:35,0.71654,0.71723,0.71654,0.71712,330,0
2020.08.20 18:40,0.71712,0.71742,0.71694,0.71706,237,0
2020.08.20 18:45,0.71706,0.71751,0.71703,0.71738,200,0
2020.08.20 18:50,0.71738,0.71749,0.71725,0.71736,198,0
2020.08.20 18:55,0.71738,0.71776,0.71738,0.71766,225,0
2020.08.20 19:00,0.71767,0.71792,0.71762,0.71779,213,0
2020.08.20 19:05,0.71781,0.71813,0.71781,0.71798,170,0
2020.08.20 19:10,0.71798,0.71817,0.71777,0.71788,169,0
2020.08.20 19:15,0.71788,0.71808,0.71786,0.71793,116,0
2020.08.20 19:20,0.71794,0.71811,0.71780,0.71784,93,0
2020.08.20 19:25,0.71784,0.71817,0.71784,0.71814,84,0
2020.08.20 19:30,0.71814,0.71818,0.71792,0.71794,116,0
2020.08.20 19:35,0.71794,0.71796,0.71764,0.71774,146,0
2020.08.20 19:40,0.71774,0.71786,0.71753,0.71754,133,0
2020.08.20 19:45,0.71754,0.71784,0.71754,0.71778,155,0
2020.08.20 19:50,0.71778,0.71808,0.71775,0.71807,166,0
2020.08.20 19:55,0.71806,0.71808,0.71765,0.71772,158,0
2020.08.20 20:00,0.71773,0.71820,0.71773,0.71804,142,0
2020.08.20 20:05,0.71804,0.71813,0.71784,0.71795,140,0
2020.08.20 20:10,0.71795,0.71806,0.71771,0.71777,129,0
2020.08.20 20:15,0.71777,0.71798,0.71777,0.71789,146,0
2020.08.20 20:20,0.71789,0.71804,0.71783,0.71793,103,0
2020.08.20 20:25,0.71793,0.71795,0.71753,0.71755,118,0
2020.08.20 20:30,0.71755,0.71788,0.71755,0.71787,123,0
2020.08.20 20:35,0.71787,0.71823,0.71787,0.71823,139,0
2020.08.20 20:40,0.71820,0.71835,0.71806,0.71829,114,0
2020.08.20 20:45,0.71831,0.71848,0.71823,0.71843,116,0
2020.08.20 20:50,0.71847,0.71858,0.71833,0.71837,135,0
2020.08.20 20:55,0.71836,0.71841,0.71812,0.71818,109,0
2020.08.20 21:00,0.71818,0.71838,0.71812,0.71833,131,0
2020.08.20 21:05,0.71833,0.71840,0.71823,0.71828,106,0
2020.08.20 21:10,0.71828,0.71856,0.71823,0.71853,153,0
2020.08.20 21:15,0.71853,0.71868,0.71845,0.71855,141,0
2020.08.20 21:20,0.71856,0.71912,0.71856,0.71900,176,0
2020.08.20 21:25,0.71899,0.71924,0.71890,0.71912,211,0
2020.08.20 21:30,0.71912,0.71913,0.71873,0.71878,97,0
2020.08.20 21:35,0.71880,0.71908,0.71875,0.71900,137,0
2020.08.20 21:40,0.71900,0.71900,0.71842,0.71856,115,0
2020.08.20 21:45,0.71857,0.71900,0.71853,0.71886,159,0
2020.08.20 21:50,0.71886,0.71918,0.71869,0.71913,139,0
2020.08.20 21:55,0.71913,0.71955,0.71896,0.71922,178,0
2020.08.20 22:00,0.71919,0.71958,0.71903,0.71951,227,0
2020.08.20 22:05,0.71950,0.71976,0.71950,0.71962,196,0
2020.08.20 22:10,0.71962,0.71971,0.71935,0.71950,128,0
2020.08.20 22:15,0.71953,0.71971,0.71917,0.71920,127,0
2020.08.20 22:20,0.71920,0.71931,0.71912,0.71923,163,0
2020.08.20 22:25,0.71924,0.71942,0.71898,0.71942,177,0
2020.08.20 22:30,0.71942,0.71942,0.71909,0.71912,188,0
2020.08.20 22:35,0.71913,0.71938,0.71908,0.71937,146,0
2020.08.20 22:40,0.71937,0.71980,0.71935,0.71973,156,0
2020.08.20 22:45,0.71973,0.71983,0.71953,0.71953,177,0
2020.08.20 22:50,0.71951,0.71968,0.71940,0.71957,193,0
2020.08.20 22:55,0.71956,0.72001,0.71956,0.71999,205,0
2020.08.20 23:00,0.71998,0.72021,0.71982,0.71985,143,0
2020.08.20 23:05,0.71985,0.71993,0.71967,0.71967,44,0
2020.08.20 23:10,0.71967,0.71970,0.71954,0.71955,55,0
2020.08.20 23:15,0.71955,0.71963,0.71935,0.71937,40,0
2020.08.20 23:20,0.71937,0.71937,0.71928,0.71928,27,0
2020.08.20 23:25,0.71927,0.71945,0.71927,0.71941,51,0
2020.08.20 23:30,0.71942,0.71953,0.71938,0.71948,57,0
2020.08.20 23:35,0.71948,0.71954,0.71938,0.71954,51,0
2020.08.20 23:40,0.71954,0.71955,0.71949,0.71955,38,0
2020.08.20 23:45,0.71954,0.71961,0.71944,0.71951,68,0
2020.08.20 23:50,0.71951,0.71952,0.71942,0.71943,64,0
2020.08.20 23:55,0.71940,0.71940,0.71911,0.71913,67,0
2020.08.21 00:00,0.71904,0.71915,0.71881,0.71910,26,0
2020.08.21 00:05,0.71894,0.71924,0.71894,0.71906,57,0
2020.08.21 00:10,0.71926,0.71930,0.71859,0.71907,89,0
2020.08.21 00:15,0.71907,0.71932,0.71896,0.71927,43,0
2020.08.21 00:20,0.71904,0.71930,0.71901,0.71910,46,0
2020.08.21 00:25,0.71910,0.71926,0.71897,0.71908,25,0
2020.08.21 00:30,0.71915,0.71915,0.71894,0.71896,88,0
2020.08.21 00:35,0.71897,0.71930,0.71893,0.71929,36,0
2020.08.21 00:40,0.71931,0.71931,0.71891,0.71893,44,0
2020.08.21 00:45,0.71901,0.71920,0.71887,0.71891,54,0
2020.08.21 00:50,0.71891,0.71912,0.71864,0.71898,39,0
2020.08.21 00:55,0.71911,0.71921,0.71887,0.71897,67,0
2020.08.21 01:00,0.71896,0.71932,0.71896,0.71916,96,0
2020.08.21 01:05,0.71917,0.71935,0.71916,0.71933,46,0
2020.08.21 01:10,0.71933,0.71946,0.71928,0.71945,58,0
2020.08.21 01:15,0.71946,0.71953,0.71942,0.71942,68,0
2020.08.21 01:20,0.71942,0.71964,0.71941,0.71962,44,0
2020.08.21 01:25,0.71962,0.71964,0.71957,0.71963,48,0
2020.08.21 01:30,0.71964,0.71979,0.71961,0.71977,86,0
2020.08.21 01:35,0.71977,0.71977,0.71948,0.71957,70,0
2020.08.21 01:40,0.71957,0.71972,0.71951,0.71972,43,0
2020.08.21 01:45,0.71972,0.71988,0.71968,0.71978,86,0
2020.08.21 01:50,0.71980,0.71988,0.71978,0.71979,60,0
2020.08.21 01:55,0.71979,0.71990,0.71978,0.71985,36,0
2020.08.21 02:00,0.71983,0.71997,0.71968,0.71983,98,0
2020.08.21 02:05,0.71984,0.71984,0.71961,0.71973,82,0
2020.08.21 02:10,0.71974,0.71981,0.71942,0.71954,137,0
2020.08.21 02:15,0.71952,0.71964,0.71937,0.71953,95,0
2020.08.21 02:20,0.71953,0.71956,0.71942,0.71953,70,0
2020.08.21 02:25,0.71953,0.71999,0.71953,0.71993,65,0
2020.08.21 02:30,0.71993,0.72009,0.71989,0.72005,71,0
2020.08.21 02:35,0.72005,0.72006,0.71992,0.71999,67,0
2020.08.21 02:40,0.71999,0.72005,0.71981,0.71999,71,0
2020.08.21 02:45,0.71999,0.72037,0.71998,0.72025,126,0
2020.08.21 02:50,0.72023,0.72080,0.72022,0.72068,214,0
2020.08.21 02:55,0.72068,0.72073,0.72032,0.72032,131,0
2020.08.21 03:00,0.72033,0.72144,0.72032,0.72132,288,0
2020.08.21 03:05,0.72131,0.72158,0.72067,0.72088,251,0
2020.08.21 03:10,0.72088,0.72128,0.72086,0.72088,139,0
2020.08.21 03:15,0.72087,0.72118,0.72082,0.72098,208,0
2020.08.21 03:20,0.72097,0.72109,0.72053,0.72060,227,0
2020.08.21 03:25,0.72060,0.72092,0.72060,0.72079,125,0
2020.08.21 03:30,0.72075,0.72115,0.72075,0.72100,140,0
2020.08.21 03:35,0.72100,0.72105,0.72055,0.72055,158,0
2020.08.21 03:40,0.72055,0.72058,0.72025,0.72045,191,0
2020.08.21 03:45,0.72045,0.72071,0.72045,0.72054,146,0
2020.08.21 03:50,0.72055,0.72089,0.72055,0.72085,151,0
2020.08.21 03:55,0.72083,0.72108,0.72083,0.72086,178,0
2020.08.21 04:00,0.72086,0.72095,0.72038,0.72038,209,0
2020.08.21 04:05,0.72038,0.72050,0.72019,0.72023,187,0
2020.08.21 04:10,0.72022,0.72035,0.72004,0.72014,191,0
2020.08.21 04:15,0.72014,0.72054,0.72014,0.72034,207,0
2020.08.21 04:20,0.72034,0.72044,0.71996,0.72003,181,0
2020.08.21 04:25,0.72003,0.72028,0.71973,0.71981,241,0
2020.08.21 04:30,0.71978,0.72005,0.71964,0.71984,234,0
2020.08.21 04:35,0.71982,0.72045,0.71972,0.72041,196,0
2020.08.21 04:40,0.72042,0.72073,0.72034,0.72044,211,0
2020.08.21 04:45,0.72043,0.72070,0.72004,0.72004,175,0
2020.08.21 04:50,0.72004,0.72024,0.71988,0.72016,189,0
2020.08.21 04:55,0.72016,0.72037,0.71988,0.72004,290,0
2020.08.21 05:00,0.72005,0.72039,0.71990,0.72030,173,0
2020.08.21 05:05,0.72032,0.72035,0.72006,0.72018,169,0
2020.08.21 05:10,0.72018,0.72028,0.71996,0.72012,206,0
2020.08.21 05:15,0.72011,0.72025,0.71996,0.72002,175,0
2020.08.21 05:20,0.72002,0.72009,0.71973,0.71974,117,0
2020.08.21 05:25,0.71974,0.71995,0.71971,0.71987,121,0
2020.08.21 05:30,0.71987,0.72009,0.71971,0.71993,166,0
2020.08.21 05:35,0.71994,0.71995,0.71963,0.71963,124,0
2020.08.21 05:40,0.71966,0.72014,0.71966,0.72011,165,0
2020.08.21 05:45,0.72009,0.72012,0.71985,0.71985,165,0
2020.08.21 05:50,0.71989,0.72014,0.71985,0.71997,137,0
2020.08.21 05:55,0.71997,0.72020,0.71997,0.72013,122,0
2020.08.21 06:00,0.72019,0.72023,0.72007,0.72008,86,0
2020.08.21 06:05,0.72008,0.72022,0.72002,0.72017,91,0
2020.08.21 06:10,0.72017,0.72032,0.72012,0.72018,152,0
2020.08.21 06:15,0.72016,0.72035,0.72012,0.72031,138,0
2020.08.21 06:20,0.72031,0.72037,0.72021,0.72037,131,0
2020.08.21 06:25,0.72036,0.72041,0.72012,0.72012,105,0
2020.08.21 06:30,0.72012,0.72017,0.72002,0.72012,109,0
2020.08.21 06:35,0.72013,0.72015,0.71994,0.71998,111,0
2020.08.21 06:40,0.71998,0.72011,0.71991,0.72002,98,0
2020.08.21 06:45,0.72002,0.72009,0.71993,0.71999,57,0
2020.08.21 06:50,0.71999,0.71999,0.71976,0.71982,158,0
2020.08.21 06:55,0.71983,0.71996,0.71976,0.71984,106,0
2020.08.21 07:00,0.71984,0.72017,0.71981,0.72016,78,0
2020.08.21 07:05,0.72016,0.72017,0.71988,0.71997,79,0
2020.08.21 07:10,0.71997,0.71997,0.71964,0.71972,102,0
2020.08.21 07:15,0.71973,0.71995,0.71969,0.71972,120,0
2020.08.21 07:20,0.71973,0.71973,0.71951,0.71952,153,0
2020.08.21 07:25,0.71951,0.71967,0.71941,0.71967,83,0
2020.08.21 07:30,0.71965,0.71979,0.71962,0.71963,111,0
2020.08.21 07:35,0.71963,0.71964,0.71947,0.71947,102,0
2020.08.21 07:40,0.71947,0.71960,0.71932,0.71948,97,0
2020.08.21 07:45,0.71949,0.71975,0.71949,0.71975,79,0
2020.08.21 07:50,0.71975,0.71995,0.71970,0.71981,96,0
2020.08.21 07:55,0.71981,0.72005,0.71981,0.71998,144,0
2020.08.21 08:00,0.72000,0.72020,0.71994,0.72019,146,0
2020.08.21 08:05,0.72019,0.72024,0.72012,0.72018,89,0
2020.08.21 08:10,0.72018,0.72030,0.72017,0.72028,105,0
2020.08.21 08:15,0.72029,0.72068,0.72026,0.72057,147,0
2020.08.21 08:20,0.72057,0.72057,0.72019,0.72034,143,0
2020.08.21 08:25,0.72032,0.72044,0.72029,0.72036,106,0
2020.08.21 08:30,0.72036,0.72041,0.72012,0.72034,143,0
2020.08.21 08:35,0.72034,0.72041,0.72014,0.72019,102,0
2020.08.21 08:40,0.72019,0.72031,0.71992,0.71996,87,0
2020.08.21 08:45,0.71996,0.72031,0.71994,0.72008,116,0
2020.08.21 08:50,0.72007,0.72013,0.71986,0.71997,143,0
2020.08.21 08:55,0.71997,0.72014,0.71986,0.72014,208,0
2020.08.21 09:00,0.72011,0.72042,0.71968,0.71972,219,0
2020.08.21 09:05,0.71973,0.72031,0.71973,0.72003,219,0
2020.08.21 09:10,0.72005,0.72032,0.72003,0.72025,155,0
2020.08.21 09:15,0.72025,0.72033,0.71989,0.72024,140,0
2020.08.21 09:20,0.72024,0.72032,0.71989,0.71995,98,0
2020.08.21 09:25,0.71995,0.72007,0.71968,0.71987,120,0
2020.08.21 09:30,0.71987,0.71995,0.71947,0.71955,138,0
2020.08.21 09:35,0.71955,0.71955,0.71927,0.71932,206,0
2020.08.21 09:40,0.71933,0.71941,0.71907,0.71921,148,0
2020.08.21 09:45,0.71922,0.71951,0.71914,0.71951,124,0
2020.08.21 09:50,0.71953,0.71953,0.71924,0.71928,100,0
2020.08.21 09:55,0.71928,0.71951,0.71925,0.71945,148,0
2020.08.21 10:00,0.71945,0.71945,0.71914,0.71935,184,0
2020.08.21 10:05,0.71935,0.71961,0.71928,0.71929,163,0
2020.08.21 10:10,0.71932,0.71933,0.71882,0.71910,257,0
2020.08.21 10:15,0.71911,0.71911,0.71836,0.71845,420,0
2020.08.21 10:20,0.71845,0.71874,0.71824,0.71867,274,0
2020.08.21 10:25,0.71867,0.71893,0.71855,0.71880,164,0
2020.08.21 10:30,0.71882,0.71904,0.71846,0.71853,397,0
2020.08.21 10:35,0.71853,0.71928,0.71851,0.71916,268,0
2020.08.21 10:40,0.71916,0.71931,0.71884,0.71895,219,0
2020.08.21 10:45,0.71895,0.71940,0.71885,0.71924,224,0
2020.08.21 10:50,0.71924,0.71963,0.71924,0.71952,186,0
2020.08.21 10:55,0.71952,0.71954,0.71924,0.71930,165,0
2020.08.21 11:00,0.71929,0.71929,0.71868,0.71891,229,0
2020.08.21 11:05,0.71891,0.71911,0.71843,0.71845,244,0
2020.08.21 11:10,0.71846,0.71872,0.71845,0.71855,185,0
2020.08.21 11:15,0.71855,0.71897,0.71844,0.71888,246,0
2020.08.21 11:20,0.71886,0.71886,0.71817,0.71819,284,0
2020.08.21 11:25,0.71822,0.71825,0.71803,0.71805,224,0
2020.08.21 11:30,0.71805,0.71846,0.71804,0.71827,232,0
2020.08.21 11:35,0.71827,0.71827,0.71738,0.71752,251,0
2020.08.21 11:40,0.71752,0.71761,0.71712,0.71743,224,0
2020.08.21 11:45,0.71742,0.71755,0.71712,0.71713,264,0
2020.08.21 11:50,0.71713,0.71775,0.71699,0.71771,228,0
2020.08.21 11:55,0.71773,0.71811,0.71760,0.71808,235,0
2020.08.21 12:00,0.71809,0.71834,0.71790,0.71830,216,0
2020.08.21 12:05,0.71830,0.71849,0.71828,0.71846,137,0
2020.08.21 12:10,0.71845,0.71849,0.71812,0.71813,151,0
2020.08.21 12:15,0.71812,0.71833,0.71794,0.71829,203,0
2020.08.21 12:20,0.71829,0.71855,0.71826,0.71851,165,0
2020.08.21 12:25,0.71850,0.71864,0.71849,0.71862,142,0
2020.08.21 12:30,0.71859,0.71868,0.71829,0.71835,145,0
2020.08.21 12:35,0.71835,0.71861,0.71816,0.71838,198,0
2020.08.21 12:40,0.71841,0.71864,0.71817,0.71834,179,0
2020.08.21 12:45,0.71835,0.71873,0.71830,0.71864,163,0
2020.08.21 12:50,0.71864,0.71875,0.71853,0.71864,184,0
2020.08.21 12:55,0.71864,0.71874,0.71844,0.71859,121,0
2020.08.21 13:00,0.71859,0.71864,0.71837,0.71859,174,0
2020.08.21 13:05,0.71859,0.71860,0.71831,0.71854,157,0
2020.08.21 13:10,0.71854,0.71873,0.71834,0.71867,171,0
2020.08.21 13:15,0.71867,0.71869,0.71812,0.71819,194,0
2020.08.21 13:20,0.71819,0.71829,0.71781,0.71784,136,0
2020.08.21 13:25,0.71784,0.71785,0.71724,0.71741,298,0
2020.08.21 13:30,0.71742,0.71756,0.71714,0.71726,241,0
2020.08.21 13:35,0.71726,0.71743,0.71720,0.71724,142,0
2020.08.21 13:40,0.71724,0.71748,0.71708,0.71744,185,0
2020.08.21 13:45,0.71747,0.71785,0.71739,0.71776,176,0
2020.08.21 13:50,0.71776,0.71788,0.71757,0.71787,117,0
2020.08.21 13:55,0.71787,0.71829,0.71783,0.71828,183,0
2020.08.21 14:00,0.71828,0.71828,0.71772,0.71805,192,0
2020.08.21 14:05,0.71805,0.71840,0.71805,0.71809,157,0
2020.08.21 14:10,0.71809,0.71820,0.71789,0.71808,157,0
2020.08.21 14:15,0.71808,0.71817,0.71784,0.71800,145,0
2020.08.21 14:20,0.71799,0.71805,0.71774,0.71805,139,0
2020.08.21 14:25,0.71805,0.71834,0.71787,0.71790,171,0
2020.08.21 14:30,0.71789,0.71804,0.71754,0.71754,208,0
2020.08.21 14:35,0.71755,0.71772,0.71645,0.71692,296,0
2020.08.21 14:40,0.71693,0.71701,0.71648,0.71687,221,0
2020.08.21 14:45,0.71682,0.71688,0.71654,0.71665,238,0
2020.08.21 14:50,0.71659,0.71683,0.71639,0.71654,240,0
2020.08.21 14:55,0.71651,0.71663,0.71611,0.71623,226,0
2020.08.21 15:00,0.71623,0.71632,0.71587,0.71594,407,0
2020.08.21 15:05,0.71594,0.71594,0.71552,0.71553,362,0
2020.08.21 15:10,0.71553,0.71596,0.71542,0.71577,246,0
2020.08.21 15:15,0.71577,0.71605,0.71563,0.71603,221,0
2020.08.21 15:20,0.71603,0.71638,0.71592,0.71622,263,0
2020.08.21 15:25,0.71624,0.71645,0.71610,0.71622,204,0
2020.08.21 15:30,0.71619,0.71662,0.71617,0.71621,231,0
2020.08.21 15:35,0.71621,0.71621,0.71572,0.71573,230,0
2020.08.21 15:40,0.71574,0.71581,0.71543,0.71558,218,0
2020.08.21 15:45,0.71557,0.71604,0.71542,0.71584,248,0
2020.08.21 15:50,0.71584,0.71683,0.71581,0.71670,259,0
2020.08.21 15:55,0.71669,0.71669,0.71641,0.71644,249,0
2020.08.21 16:00,0.71643,0.71651,0.71621,0.71636,308,0
2020.08.21 16:05,0.71636,0.71648,0.71583,0.71597,304,0
2020.08.21 16:10,0.71597,0.71650,0.71587,0.71639,344,0
2020.08.21 16:15,0.71640,0.71681,0.71630,0.71679,246,0
2020.08.21 16:20,0.71680,0.71740,0.71668,0.71732,293,0
2020.08.21 16:25,0.71734,0.71734,0.71669,0.71679,238,0
2020.08.21 16:30,0.71681,0.71703,0.71662,0.71667,359,0
2020.08.21 16:35,0.71667,0.71669,0.71588,0.71588,337,0
2020.08.21 16:40,0.71587,0.71670,0.71585,0.71632,306,0
2020.08.21 16:45,0.71632,0.71633,0.71520,0.71548,485,0
2020.08.21 16:50,0.71548,0.71550,0.71482,0.71504,444,0
2020.08.21 16:55,0.71504,0.71516,0.71450,0.71461,362,0
2020.08.21 17:00,0.71461,0.71468,0.71424,0.71441,334,0
2020.08.21 17:05,0.71443,0.71474,0.71419,0.71445,329,0
2020.08.21 17:10,0.71444,0.71493,0.71433,0.71486,356,0
2020.08.21 17:15,0.71486,0.71527,0.71468,0.71516,346,0
2020.08.21 17:20,0.71516,0.71525,0.71489,0.71516,287,0
2020.08.21 17:25,0.71516,0.71535,0.71494,0.71512,245,0
2020.08.21 17:30,0.71512,0.71512,0.71401,0.71403,288,0
2020.08.21 17:35,0.71403,0.71491,0.71392,0.71471,277,0
2020.08.21 17:40,0.71471,0.71483,0.71442,0.71483,277,0
2020.08.21 17:45,0.71483,0.71506,0.71452,0.71489,334,0
2020.08.21 17:50,0.71489,0.71550,0.71487,0.71543,266,0
2020.08.21 17:55,0.71543,0.71580,0.71526,0.71550,313,0
2020.08.21 18:00,0.71552,0.71564,0.71475,0.71488,264,0
2020.08.21 18:05,0.71488,0.71519,0.71474,0.71497,233,0
2020.08.21 18:10,0.71497,0.71548,0.71495,0.71548,212,0
2020.08.21 18:15,0.71547,0.71578,0.71536,0.71548,202,0
2020.08.21 18:20,0.71547,0.71584,0.71537,0.71584,158,0
2020.08.21 18:25,0.71585,0.71623,0.71584,0.71617,165,0
2020.08.21 18:30,0.71620,0.71627,0.71590,0.71594,236,0
2020.08.21 18:35,0.71594,0.71599,0.71565,0.71588,194,0
2020.08.21 18:40,0.71588,0.71589,0.71570,0.71575,176,0
2020.08.21 18:45,0.71575,0.71575,0.71534,0.71543,212,0
2020.08.21 18:50,0.71545,0.71561,0.71524,0.71530,186,0
2020.08.21 18:55,0.71528,0.71562,0.71527,0.71552,196,0
2020.08.21 19:00,0.71552,0.71552,0.71521,0.71523,191,0
2020.08.21 19:05,0.71523,0.71540,0.71511,0.71518,189,0
2020.08.21 19:10,0.71518,0.71534,0.71515,0.71531,156,0
2020.08.21 19:15,0.71531,0.71536,0.71516,0.71516,145,0
2020.08.21 19:20,0.71516,0.71524,0.71501,0.71523,109,0
2020.08.21 19:25,0.71523,0.71529,0.71482,0.71491,143,0
2020.08.21 19:30,0.71490,0.71490,0.71465,0.71472,104,0
2020.08.21 19:35,0.71472,0.71480,0.71423,0.71426,141,0
2020.08.21 19:40,0.71426,0.71452,0.71422,0.71448,140,0
2020.08.21 19:45,0.71447,0.71509,0.71421,0.71504,205,0
2020.08.21 19:50,0.71503,0.71504,0.71478,0.71498,184,0
2020.08.21 19:55,0.71497,0.71498,0.71463,0.71473,153,0
2020.08.21 20:00,0.71473,0.71480,0.71460,0.71470,156,0
2020.08.21 20:05,0.71470,0.71477,0.71456,0.71467,78,0
2020.08.21 20:10,0.71467,0.71473,0.71448,0.71458,132,0
2020.08.21 20:15,0.71457,0.71459,0.71444,0.71450,97,0
2020.08.21 20:20,0.71450,0.71484,0.71440,0.71440,129,0
2020.08.21 20:25,0.71440,0.71453,0.71437,0.71446,98,0
2020.08.21 20:30,0.71445,0.71463,0.71440,0.71462,103,0
2020.08.21 20:35,0.71462,0.71466,0.71448,0.71448,107,0
2020.08.21 20:40,0.71451,0.71467,0.71442,0.71447,100,0
2020.08.21 20:45,0.71447,0.71474,0.71438,0.71473,158,0
2020.08.21 20:50,0.71473,0.71494,0.71467,0.71494,137,0
2020.08.21 20:55,0.71494,0.71499,0.71474,0.71490,129,0
2020.08.21 21:00,0.71491,0.71497,0.71479,0.71495,102,0
2020.08.21 21:05,0.71495,0.71504,0.71493,0.71496,54,0
2020.08.21 21:10,0.71495,0.71506,0.71482,0.71502,106,0
2020.08.21 21:15,0.71502,0.71527,0.71502,0.71522,142,0
2020.08.21 21:20,0.71522,0.71532,0.71517,0.71528,124,0
2020.08.21 21:25,0.71527,0.71545,0.71524,0.71541,80,0
2020.08.21 21:30,0.71539,0.71553,0.71535,0.71551,110,0
2020.08.21 21:35,0.71551,0.71563,0.71548,0.71557,127,0
2020.08.21 21:40,0.71557,0.71557,0.71542,0.71548,71,0
2020.08.21 21:45,0.71548,0.71571,0.71548,0.71567,81,0
2020.08.21 21:50,0.71568,0.71600,0.71568,0.71599,103,0
2020.08.21 21:55,0.71601,0.71620,0.71598,0.71605,101,0
2020.08.21 22:00,0.71602,0.71613,0.71583,0.71591,159,0
2020.08.21 22:05,0.71591,0.71635,0.71584,0.71635,123,0
2020.08.21 22:10,0.71635,0.71643,0.71619,0.71640,108,0
2020.08.21 22:15,0.71640,0.71648,0.71627,0.71635,116,0
2020.08.21 22:20,0.71635,0.71653,0.71635,0.71642,77,0
2020.08.21 22:25,0.71642,0.71647,0.71623,0.71629,94,0
2020.08.21 22:30,0.71629,0.71640,0.71624,0.71639,105,0
2020.08.21 22:35,0.71639,0.71639,0.71617,0.71617,86,0
2020.08.21 22:40,0.71618,0.71621,0.71613,0.71618,100,0
2020.08.21 22:45,0.71618,0.71632,0.71614,0.71620,107,0
2020.08.21 22:50,0.71620,0.71648,0.71619,0.71637,130,0
2020.08.21 22:55,0.71638,0.71648,0.71633,0.71638,89,0
2020.08.21 23:00,0.71637,0.71650,0.71624,0.71625,54,0
2020.08.21 23:05,0.71625,0.71644,0.71625,0.71644,69,0
2020.08.21 23:10,0.71644,0.71654,0.71632,0.71634,57,0
2020.08.21 23:15,0.71634,0.71638,0.71628,0.71637,37,0
2020.08.21 23:20,0.71638,0.71660,0.71636,0.71660,40,0
2020.08.21 23:25,0.71660,0.71660,0.71644,0.71653,37,0
2020.08.21 23:30,0.71653,0.71654,0.71613,0.71615,57,0
2020.08.21 23:35,0.71615,0.71627,0.71611,0.71612,30,0
2020.08.21 23:40,0.71612,0.71612,0.71601,0.71605,37,0
2020.08.21 23:45,0.71598,0.71604,0.71585,0.71600,88,0
2020.08.21 23:50,0.71601,0.71602,0.71587,0.71596,67,0
2020.08.24 00:05,0.71511,0.71544,0.71511,0.71531,10,0
2020.08.24 00:10,0.71515,0.71534,0.71451,0.71503,17,0
2020.08.24 00:15,0.71555,0.71622,0.71469,0.71588,34,0
2020.08.24 00:20,0.71588,0.71637,0.71578,0.71588,41,0
2020.08.24 00:25,0.71586,0.71599,0.71585,0.71588,24,0
2020.08.24 00:30,0.71585,0.71592,0.71585,0.71591,12,0
2020.08.24 00:35,0.71607,0.71619,0.71581,0.71588,49,0
2020.08.24 00:40,0.71588,0.71616,0.71580,0.71616,58,0
2020.08.24 00:45,0.71584,0.71616,0.71580,0.71584,52,0
2020.08.24 00:50,0.71587,0.71612,0.71584,0.71606,39,0
2020.08.24 00:55,0.71600,0.71612,0.71599,0.71600,12,0
2020.08.24 01:00,0.71611,0.71677,0.71599,0.71674,87,0
2020.08.24 01:05,0.71674,0.71674,0.71632,0.71645,58,0
2020.08.24 01:10,0.71645,0.71653,0.71629,0.71631,56,0
2020.08.24 01:15,0.71631,0.71646,0.71631,0.71645,52,0
2020.08.24 01:20,0.71646,0.71665,0.71641,0.71654,69,0
2020.08.24 01:25,0.71654,0.71658,0.71645,0.71651,54,0
2020.08.24 01:30,0.71652,0.71652,0.71628,0.71646,70,0
2020.08.24 01:35,0.71646,0.71647,0.71602,0.71610,71,0
2020.08.24 01:40,0.71610,0.71644,0.71610,0.71641,92,0
2020.08.24 01:45,0.71642,0.71646,0.71631,0.71634,65,0
2020.08.24 01:50,0.71634,0.71644,0.71626,0.71643,60,0
2020.08.24 01:55,0.71643,0.71685,0.71643,0.71682,53,0
2020.08.24 02:00,0.71684,0.71695,0.71666,0.71673,116,0
2020.08.24 02:05,0.71674,0.71692,0.71670,0.71670,83,0
2020.08.24 02:10,0.71670,0.71670,0.71654,0.71656,43,0
2020.08.24 02:15,0.71656,0.71665,0.71651,0.71654,94,0
2020.08.24 02:20,0.71654,0.71660,0.71638,0.71655,54,0
2020.08.24 02:25,0.71655,0.71677,0.71655,0.71676,92,0
2020.08.24 02:30,0.71676,0.71676,0.71662,0.71665,94,0
2020.08.24 02:35,0.71665,0.71676,0.71655,0.71676,49,0
2020.08.24 02:40,0.71675,0.71682,0.71666,0.71675,45,0
2020.08.24 02:45,0.71676,0.71679,0.71670,0.71670,53,0
2020.08.24 02:50,0.71670,0.71670,0.71635,0.71657,55,0
2020.08.24 02:55,0.71657,0.71657,0.71584,0.71595,158,0
2020.08.24 03:00,0.71595,0.71609,0.71549,0.71551,267,0
2020.08.24 03:05,0.71551,0.71577,0.71524,0.71568,163,0
2020.08.24 03:10,0.71569,0.71588,0.71545,0.71573,124,0
2020.08.24 03:15,0.71573,0.71614,0.71568,0.71613,115,0
2020.08.24 03:20,0.71613,0.71637,0.71599,0.71613,161,0
2020.08.24 03:25,0.71609,0.71628,0.71606,0.71614,118,0
2020.08.24 03:30,0.71615,0.71629,0.71604,0.71626,66,0
2020.08.24 03:35,0.71626,0.71626,0.71573,0.71593,101,0
2020.08.24 03:40,0.71593,0.71640,0.71584,0.71638,86,0
2020.08.24 03:45,0.71638,0.71645,0.71613,0.71618,65,0
2020.08.24 03:50,0.71617,0.71646,0.71612,0.71644,156,0
2020.08.24 03:55,0.71643,0.71644,0.71597,0.71597,139,0
2020.08.24 04:00,0.71597,0.71622,0.71584,0.71607,257,0
2020.08.24 04:05,0.71607,0.71655,0.71590,0.71654,175,0
2020.08.24 04:10,0.71654,0.71675,0.71636,0.71666,198,0
2020.08.24 04:15,0.71666,0.71707,0.71663,0.71695,209,0
2020.08.24 04:20,0.71697,0.71738,0.71697,0.71724,150,0
2020.08.24 04:25,0.71724,0.71780,0.71724,0.71745,174,0
2020.08.24 04:30,0.71745,0.71756,0.71707,0.71715,185,0
2020.08.24 04:35,0.71715,0.71719,0.71686,0.71719,149,0
2020.08.24 04:40,0.71722,0.71750,0.71698,0.71698,188,0
2020.08.24 04:45,0.71698,0.71716,0.71696,0.71702,140,0
2020.08.24 04:50,0.71704,0.71714,0.71696,0.71709,127,0
2020.08.24 04:55,0.71712,0.71738,0.71712,0.71736,114,0
2020.08.24 05:00,0.71736,0.71749,0.71732,0.71739,146,0
2020.08.24 05:05,0.71737,0.71740,0.71723,0.71726,100,0
2020.08.24 05:10,0.71725,0.71769,0.71725,0.71757,143,0
2020.08.24 05:15,0.71757,0.71765,0.71733,0.71733,125,0
2020.08.24 05:20,0.71733,0.71749,0.71732,0.71740,96,0
2020.08.24 05:25,0.71740,0.71753,0.71736,0.71747,121,0
2020.08.24 05:30,0.71747,0.71764,0.71747,0.71754,124,0
2020.08.24 05:35,0.71754,0.71754,0.71714,0.71715,143,0
2020.08.24 05:40,0.71716,0.71727,0.71708,0.71716,127,0
2020.08.24 05:45,0.71716,0.71722,0.71708,0.71713,46,0
2020.08.24 05:50,0.71713,0.71717,0.71661,0.71663,191,0
2020.08.24 05:55,0.71663,0.71680,0.71652,0.71664,172,0
2020.08.24 06:00,0.71664,0.71699,0.71662,0.71695,91,0
2020.08.24 06:05,0.71695,0.71710,0.71685,0.71694,124,0
2020.08.24 06:10,0.71699,0.71715,0.71690,0.71694,71,0
2020.08.24 06:15,0.71693,0.71705,0.71688,0.71693,95,0
2020.08.24 06:20,0.71693,0.71708,0.71693,0.71697,87,0
2020.08.24 06:25,0.71696,0.71696,0.71685,0.71694,100,0
2020.08.24 06:30,0.71694,0.71695,0.71677,0.71679,157,0
2020.08.24 06:35,0.71679,0.71679,0.71648,0.71653,130,0
2020.08.24 06:40,0.71653,0.71656,0.71627,0.71632,132,0
2020.08.24 06:45,0.71632,0.71655,0.71632,0.71643,146,0
2020.08.24 06:50,0.71642,0.71688,0.71642,0.71675,152,0
2020.08.24 06:55,0.71676,0.71682,0.71662,0.71672,67,0
2020.08.24 07:00,0.71671,0.71671,0.71650,0.71653,81,0
2020.08.24 07:05,0.71653,0.71677,0.71647,0.71672,132,0
2020.08.24 07:10,0.71672,0.71675,0.71655,0.71663,131,0
2020.08.24 07:15,0.71666,0.71666,0.71644,0.71653,129,0
2020.08.24 07:20,0.71652,0.71669,0.71651,0.71656,105,0
2020.08.24 07:25,0.71658,0.71687,0.71656,0.71675,116,0
2020.08.24 07:30,0.71678,0.71698,0.71678,0.71683,89,0
2020.08.24 07:35,0.71683,0.71692,0.71673,0.71676,112,0
2020.08.24 07:40,0.71676,0.71676,0.71634,0.71643,119,0
2020.08.24 07:45,0.71643,0.71652,0.71631,0.71631,60,0
2020.08.24 07:50,0.71631,0.71644,0.71623,0.71624,68,0
2020.08.24 07:55,0.71624,0.71640,0.71615,0.71637,75,0
2020.08.24 08:00,0.71637,0.71646,0.71632,0.71633,68,0
2020.08.24 08:05,0.71633,0.71637,0.71631,0.71635,67,0
2020.08.24 08:10,0.71634,0.71635,0.71604,0.71614,96,0
2020.08.24 08:15,0.71614,0.71633,0.71609,0.71631,138,0
2020.08.24 08:20,0.71631,0.71638,0.71630,0.71635,110,0
2020.08.24 08:25,0.71635,0.71639,0.71627,0.71638,91,0
2020.08.24 08:30,0.71638,0.71674,0.71638,0.71666,145,0
2020.08.24 08:35,0.71668,0.71687,0.71659,0.71676,123,0
2020.08.24 08:40,0.71676,0.71692,0.71674,0.71685,105,0
2020.08.24 08:45,0.71685,0.71688,0.71659,0.71668,148,0
2020.08.24 08:50,0.71668,0.71705,0.71660,0.71705,162,0
2020.08.24 08:55,0.71705,0.71768,0.71702,0.71765,195,0
2020.08.24 09:00,0.71764,0.71807,0.71755,0.71764,217,0
2020.08.24 09:05,0.71764,0.71778,0.71752,0.71765,118,0
2020.08.24 09:10,0.71765,0.71765,0.71739,0.71740,119,0
2020.08.24 09:15,0.71744,0.71748,0.71726,0.71734,105,0
2020.08.24 09:20,0.71734,0.71753,0.71726,0.71744,121,0
2020.08.24 09:25,0.71744,0.71765,0.71736,0.71764,79,0
2020.08.24 09:30,0.71764,0.71770,0.71746,0.71747,124,0
2020.08.24 09:35,0.71747,0.71762,0.71739,0.71746,78,0
2020.08.24 09:40,0.71746,0.71759,0.71735,0.71754,98,0
2020.08.24 09:45,0.71754,0.71766,0.71745,0.71747,109,0
2020.08.24 09:50,0.71747,0.71759,0.71742,0.71753,77,0
2020.08.24 09:55,0.71753,0.71798,0.71753,0.71774,126,0
2020.08.24 10:00,0.71775,0.71811,0.71775,0.71781,246,0
2020.08.24 10:05,0.71783,0.71794,0.71766,0.71784,160,0
2020.08.24 10:10,0.71783,0.71808,0.71783,0.71802,157,0
2020.08.24 10:15,0.71803,0.71811,0.71769,0.71782,151,0
2020.08.24 10:20,0.71782,0.71783,0.71760,0.71764,138,0
2020.08.24 10:25,0.71764,0.71772,0.71745,0.71757,130,0
2020.08.24 10:30,0.71758,0.71807,0.71750,0.71807,138,0
2020.08.24 10:35,0.71809,0.71823,0.71752,0.71753,155,0
2020.08.24 10:40,0.71753,0.71766,0.71733,0.71761,155,0
2020.08.24 10:45,0.71761,0.71791,0.71751,0.71775,150,0
2020.08.24 10:50,0.71775,0.71795,0.71772,0.71795,130,0
2020.08.24 10:55,0.71795,0.71838,0.71794,0.71835,338,0
2020.08.24 11:00,0.71835,0.71855,0.71834,0.71845,144,0
2020.08.24 11:05,0.71845,0.71846,0.71802,0.71802,148,0
2020.08.24 11:10,0.71802,0.71810,0.71794,0.71796,79,0
2020.08.24 11:15,0.71796,0.71804,0.71775,0.71804,92,0
2020.08.24 11:20,0.71804,0.71846,0.71804,0.71815,157,0
2020.08.24 11:25,0.71814,0.71824,0.71794,0.71817,139,0
2020.08.24 11:30,0.71819,0.71819,0.71784,0.71803,119,0
2020.08.24 11:35,0.71803,0.71836,0.71792,0.71816,180,0
2020.08.24 11:40,0.71816,0.71843,0.71812,0.71825,147,0
2020.08.24 11:45,0.71825,0.71864,0.71816,0.71862,165,0
2020.08.24 11:50,0.71857,0.71861,0.71827,0.71827,183,0
2020.08.24 11:55,0.71827,0.71831,0.71790,0.71792,160,0
2020.08.24 12:00,0.71792,0.71810,0.71781,0.71800,143,0
2020.08.24 12:05,0.71798,0.71811,0.71784,0.71803,134,0
2020.08.24 12:10,0.71803,0.71815,0.71796,0.71813,84,0
2020.08.24 12:15,0.71813,0.71857,0.71813,0.71853,128,0
2020.08.24 12:20,0.71853,0.71887,0.71853,0.71855,143,0
2020.08.24 12:25,0.71855,0.71868,0.71848,0.71864,132,0
2020.08.24 12:30,0.71861,0.71861,0.71836,0.71855,121,0
2020.08.24 12:35,0.71855,0.71882,0.71854,0.71865,124,0
2020.08.24 12:40,0.71865,0.71903,0.71864,0.71887,205,0
2020.08.24 12:45,0.71889,0.71901,0.71864,0.71864,118,0
2020.08.24 12:50,0.71864,0.71891,0.71845,0.71882,116,0
2020.08.24 12:55,0.71882,0.71885,0.71860,0.71882,115,0
2020.08.24 13:00,0.71882,0.71884,0.71850,0.71852,127,0
2020.08.24 13:05,0.71852,0.71874,0.71851,0.71853,92,0
2020.08.24 13:10,0.71853,0.71885,0.71852,0.71867,88,0
2020.08.24 13:15,0.71869,0.71879,0.71854,0.71860,90,0
2020.08.24 13:20,0.71859,0.71894,0.71858,0.71883,97,0
2020.08.24 13:25,0.71886,0.71912,0.71872,0.71910,125,0
2020.08.24 13:30,0.71910,0.71932,0.71897,0.71929,111,0
2020.08.24 13:35,0.71929,0.71954,0.71921,0.71921,129,0
2020.08.24 13:40,0.71921,0.71925,0.71892,0.71909,112,0
2020.08.24 13:45,0.71909,0.71914,0.71895,0.71902,134,0
2020.08.24 13:50,0.71902,0.71921,0.71896,0.71916,89,0
2020.08.24 13:55,0.71916,0.71922,0.71907,0.71907,65,0
2020.08.24 14:00,0.71910,0.71921,0.71899,0.71913,123,0
2020.08.24 14:05,0.71913,0.71932,0.71911,0.71929,92,0
2020.08.24 14:10,0.71928,0.71954,0.71924,0.71952,114,0
2020.08.24 14:15,0.71953,0.71955,0.71938,0.71947,106,0
2020.08.24 14:20,0.71947,0.71962,0.71946,0.71958,91,0
2020.08.24 14:25,0.71957,0.71962,0.71952,0.71956,89,0
2020.08.24 14:30,0.71956,0.71962,0.71932,0.71937,98,0
2020.08.24 14:35,0.71937,0.71945,0.71933,0.71937,52,0
2020.08.24 14:40,0.71937,0.71944,0.71924,0.71941,109,0
2020.08.24 14:45,0.71942,0.71946,0.71933,0.71945,58,0
2020.08.24 14:50,0.71945,0.71964,0.71945,0.71961,76,0
2020.08.24 14:55,0.71961,0.71986,0.71954,0.71976,150,0
2020.08.24 15:00,0.71976,0.72013,0.71970,0.72011,190,0
2020.08.24 15:05,0.72011,0.72037,0.72006,0.72006,173,0
2020.08.24 15:10,0.72005,0.72011,0.71980,0.71990,124,0
2020.08.24 15:15,0.71992,0.72006,0.71970,0.71983,138,0
2020.08.24 15:20,0.71983,0.71983,0.71927,0.71927,194,0
2020.08.24 15:25,0.71927,0.71948,0.71911,0.71943,117,0
2020.08.24 15:30,0.71942,0.71951,0.71915,0.71915,129,0
2020.08.24 15:35,0.71915,0.71924,0.71886,0.71891,140,0
2020.08.24 15:40,0.71892,0.71915,0.71883,0.71902,151,0
2020.08.24 15:45,0.71901,0.71942,0.71901,0.71923,172,0
2020.08.24 15:50,0.71923,0.71947,0.71916,0.71942,188,0
2020.08.24 15:55,0.71942,0.71967,0.71936,0.71952,153,0
2020.08.24 16:00,0.71951,0.71973,0.71950,0.71967,171,0
2020.08.24 16:05,0.71967,0.71977,0.71932,0.71932,140,0
2020.08.24 16:10,0.71932,0.71943,0.71917,0.71923,124,0
2020.08.24 16:15,0.71923,0.71957,0.71921,0.71956,120,0
2020.08.24 16:20,0.71959,0.71964,0.71940,0.71952,141,0
2020.08.24 16:25,0.71954,0.71963,0.71936,0.71940,131,0
2020.08.24 16:30,0.71940,0.71942,0.71868,0.71872,299,0
2020.08.24 16:35,0.71872,0.71879,0.71855,0.71871,305,0
2020.08.24 16:40,0.71868,0.71872,0.71830,0.71845,221,0
2020.08.24 16:45,0.71849,0.71910,0.71849,0.71904,290,0
2020.08.24 16:50,0.71903,0.71918,0.71807,0.71812,426,0
2020.08.24 16:55,0.71812,0.71838,0.71759,0.71761,392,0
2020.08.24 17:00,0.71763,0.71806,0.71747,0.71805,394,0
2020.08.24 17:05,0.71805,0.71824,0.71795,0.71816,248,0
2020.08.24 17:10,0.71815,0.71832,0.71783,0.71831,285,0
2020.08.24 17:15,0.71831,0.71837,0.71806,0.71823,245,0
2020.08.24 17:20,0.71824,0.71833,0.71780,0.71795,252,0
2020.08.24 17:25,0.71796,0.71797,0.71761,0.71766,224,0
2020.08.24 17:30,0.71766,0.71772,0.71734,0.71750,271,0
2020.08.24 17:35,0.71750,0.71767,0.71728,0.71761,287,0
2020.08.24 17:40,0.71763,0.71779,0.71744,0.71759,284,0
2020.08.24 17:45,0.71759,0.71763,0.71715,0.71745,279,0
2020.08.24 17:50,0.71745,0.71780,0.71721,0.71778,299,0
2020.08.24 17:55,0.71777,0.71781,0.71694,0.71716,443,0
2020.08.24 18:00,0.71712,0.71749,0.71708,0.71717,342,0
2020.08.24 18:05,0.71715,0.71732,0.71693,0.71694,217,0
2020.08.24 18:10,0.71694,0.71728,0.71683,0.71709,214,0
2020.08.24 18:15,0.71707,0.71723,0.71691,0.71717,158,0
2020.08.24 18:20,0.71717,0.71717,0.71686,0.71686,165,0
2020.08.24 18:25,0.71687,0.71698,0.71657,0.71663,198,0
2020.08.24 18:30,0.71663,0.71722,0.71660,0.71718,183,0
2020.08.24 18:35,0.71718,0.71723,0.71692,0.71695,184,0
2020.08.24 18:40,0.71694,0.71733,0.71687,0.71726,150,0
2020.08.24 18:45,0.71726,0.71746,0.71712,0.71729,154,0
2020.08.24 18:50,0.71729,0.71744,0.71724,0.71728,133,0
2020.08.24 18:55,0.71728,0.71740,0.71720,0.71733,134,0
2020.08.24 19:00,0.71733,0.71737,0.71700,0.71737,183,0
2020.08.24 19:05,0.71737,0.71739,0.71711,0.71725,132,0
2020.08.24 19:10,0.71723,0.71758,0.71721,0.71755,169,0
2020.08.24 19:15,0.71755,0.71758,0.71743,0.71747,99,0
2020.08.24 19:20,0.71747,0.71751,0.71739,0.71747,67,0
2020.08.24 19:25,0.71747,0.71748,0.71712,0.71719,126,0
2020.08.24 19:30,0.71719,0.71721,0.71691,0.71699,149,0
2020.08.24 19:35,0.71699,0.71710,0.71693,0.71703,112,0
2020.08.24 19:40,0.71703,0.71712,0.71661,0.71685,147,0
2020.08.24 19:45,0.71686,0.71705,0.71678,0.71695,93,0
2020.08.24 19:50,0.71695,0.71715,0.71692,0.71713,141,0
2020.08.24 19:55,0.71713,0.71717,0.71695,0.71714,140,0
2020.08.24 20:00,0.71715,0.71748,0.71706,0.71739,159,0
2020.08.24 20:05,0.71739,0.71750,0.71734,0.71747,73,0
2020.08.24 20:10,0.71747,0.71747,0.71730,0.71743,91,0
2020.08.24 20:15,0.71741,0.71746,0.71711,0.71716,86,0
2020.08.24 20:20,0.71716,0.71719,0.71691,0.71709,98,0
2020.08.24 20:25,0.71712,0.71722,0.71708,0.71718,84,0
2020.08.24 20:30,0.71718,0.71724,0.71709,0.71717,118,0
2020.08.24 20:35,0.71717,0.71723,0.71709,0.71715,83,0
2020.08.24 20:40,0.71716,0.71719,0.71690,0.71691,112,0
2020.08.24 20:45,0.71691,0.71704,0.71675,0.71685,132,0
2020.08.24 20:50,0.71684,0.71695,0.71683,0.71687,74,0
2020.08.24 20:55,0.71687,0.71697,0.71686,0.71692,92,0
2020.08.24 21:00,0.71692,0.71707,0.71686,0.71696,111,0
2020.08.24 21:05,0.71697,0.71698,0.71684,0.71685,47,0
2020.08.24 21:10,0.71685,0.71694,0.71683,0.71688,65,0
2020.08.24 21:15,0.71687,0.71696,0.71684,0.71684,60,0
2020.08.24 21:20,0.71684,0.71684,0.71637,0.71640,108,0
2020.08.24 21:25,0.71640,0.71649,0.71628,0.71648,113,0
2020.08.24 21:30,0.71648,0.71671,0.71641,0.71659,86,0
2020.08.24 21:35,0.71659,0.71668,0.71624,0.71633,123,0
2020.08.24 21:40,0.71633,0.71634,0.71619,0.71625,88,0
2020.08.24 21:45,0.71626,0.71627,0.71617,0.71620,104,0
2020.08.24 21:50,0.71618,0.71618,0.71590,0.71590,101,0
2020.08.24 21:55,0.71590,0.71617,0.71581,0.71606,157,0
2020.08.24 22:00,0.71607,0.71620,0.71578,0.71579,141,0
2020.08.24 22:05,0.71579,0.71581,0.71560,0.71564,119,0
2020.08.24 22:10,0.71563,0.71567,0.71540,0.71543,123,0
2020.08.24 22:15,0.71543,0.71562,0.71541,0.71556,130,0
2020.08.24 22:20,0.71556,0.71585,0.71554,0.71582,127,0
2020.08.24 22:25,0.71582,0.71587,0.71571,0.71573,73,0
2020.08.24 22:30,0.71572,0.71582,0.71563,0.71577,119,0
2020.08.24 22:35,0.71577,0.71609,0.71574,0.71586,115,0
2020.08.24 22:40,0.71588,0.71591,0.71574,0.71574,66,0
2020.08.24 22:45,0.71574,0.71584,0.71570,0.71583,102,0
2020.08.24 22:50,0.71583,0.71609,0.71583,0.71597,242,0
2020.08.24 22:55,0.71597,0.71638,0.71596,0.71633,222,0
2020.08.24 23:00,0.71628,0.71628,0.71610,0.71614,50,0
2020.08.24 23:05,0.71614,0.71629,0.71611,0.71624,82,0
2020.08.24 23:10,0.71625,0.71625,0.71597,0.71601,65,0
2020.08.24 23:15,0.71601,0.71607,0.71599,0.71605,35,0
2020.08.24 23:20,0.71605,0.71622,0.71604,0.71622,38,0
2020.08.24 23:25,0.71622,0.71627,0.71617,0.71626,44,0
2020.08.24 23:30,0.71625,0.71625,0.71602,0.71604,57,0
2020.08.24 23:35,0.71604,0.71617,0.71603,0.71603,49,0
2020.08.24 23:40,0.71603,0.71612,0.71602,0.71605,42,0
2020.08.24 23:45,0.71605,0.71616,0.71601,0.71604,63,0
2020.08.24 23:50,0.71604,0.71621,0.71599,0.71621,82,0
2020.08.24 23:55,0.71620,0.71620,0.71596,0.71619,78,0
2020.08.25 00:00,0.71607,0.71641,0.71599,0.71609,36,0
2020.08.25 00:05,0.71609,0.71632,0.71597,0.71604,24,0
2020.08.25 00:10,0.71604,0.71617,0.71597,0.71617,15,0
2020.08.25 00:15,0.71607,0.71624,0.71607,0.71622,22,0
2020.08.25 00:20,0.71622,0.71622,0.71605,0.71614,35,0
2020.08.25 00:25,0.71617,0.71622,0.71614,0.71617,70,0
2020.08.25 00:30,0.71617,0.71623,0.71606,0.71619,46,0
2020.08.25 00:35,0.71619,0.71625,0.71611,0.71624,29,0
2020.08.25 00:40,0.71624,0.71629,0.71613,0.71628,40,0
2020.08.25 00:45,0.71623,0.71631,0.71618,0.71618,48,0
2020.08.25 00:50,0.71618,0.71630,0.71616,0.71628,98,0
2020.08.25 00:55,0.71628,0.71646,0.71626,0.71632,36,0
2020.08.25 01:00,0.71632,0.71646,0.71611,0.71633,115,0
2020.08.25 01:05,0.71634,0.71638,0.71628,0.71636,65,0
2020.08.25 01:10,0.71637,0.71657,0.71637,0.71647,75,0
2020.08.25 01:15,0.71647,0.71648,0.71633,0.71639,85,0
2020.08.25 01:20,0.71640,0.71655,0.71640,0.71645,55,0
2020.08.25 01:25,0.71646,0.71659,0.71639,0.71640,71,0
2020.08.25 01:30,0.71637,0.71638,0.71626,0.71626,61,0
2020.08.25 01:35,0.71628,0.71637,0.71626,0.71635,30,0
2020.08.25 01:40,0.71635,0.71636,0.71623,0.71625,37,0
2020.08.25 01:45,0.71625,0.71637,0.71625,0.71637,25,0
2020.08.25 01:50,0.71637,0.71638,0.71621,0.71624,39,0
2020.08.25 01:55,0.71624,0.71660,0.71624,0.71660,58,0
2020.08.25 02:00,0.71659,0.71659,0.71634,0.71646,88,0
2020.08.25 02:05,0.71647,0.71660,0.71644,0.71644,69,0
2020.08.25 02:10,0.71644,0.71648,0.71619,0.71628,57,0
2020.08.25 02:15,0.71628,0.71639,0.71627,0.71635,37,0
2020.08.25 02:20,0.71635,0.71638,0.71612,0.71612,68,0
2020.08.25 02:25,0.71614,0.71629,0.71613,0.71628,41,0
2020.08.25 02:30,0.71628,0.71655,0.71626,0.71655,90,0
2020.08.25 02:35,0.71655,0.71667,0.71655,0.71667,87,0
2020.08.25 02:40,0.71667,0.71667,0.71644,0.71647,44,0
2020.08.25 02:45,0.71647,0.71678,0.71643,0.71670,154,0
2020.08.25 02:50,0.71670,0.71687,0.71670,0.71685,127,0
2020.08.25 02:55,0.71685,0.71698,0.71673,0.71688,111,0
2020.08.25 03:00,0.71689,0.71693,0.71587,0.71590,214,0
2020.08.25 03:05,0.71590,0.71657,0.71586,0.71606,175,0
2020.08.25 03:10,0.71605,0.71628,0.71602,0.71626,147,0
2020.08.25 03:15,0.71623,0.71646,0.71588,0.71589,179,0
2020.08.25 03:20,0.71589,0.71603,0.71554,0.71582,198,0
2020.08.25 03:25,0.71582,0.71644,0.71575,0.71641,146,0
2020.08.25 03:30,0.71641,0.71703,0.71637,0.71696,300,0
2020.08.25 03:35,0.71698,0.71729,0.71696,0.71720,221,0
2020.08.25 03:40,0.71720,0.71758,0.71720,0.71757,193,0
2020.08.25 03:45,0.71757,0.71768,0.71717,0.71758,168,0
2020.08.25 03:50,0.71757,0.71769,0.71719,0.71768,155,0
2020.08.25 03:55,0.71768,0.71777,0.71726,0.71760,240,0
2020.08.25 04:00,0.71760,0.71785,0.71740,0.71756,178,0
2020.08.25 04:05,0.71756,0.71756,0.71735,0.71745,163,0
2020.08.25 04:10,0.71745,0.71783,0.71734,0.71745,157,0
2020.08.25 04:15,0.71745,0.71793,0.71734,0.71791,203,0
2020.08.25 04:20,0.71792,0.71793,0.71750,0.71769,210,0
2020.08.25 04:25,0.71770,0.71781,0.71759,0.71770,237,0
2020.08.25 04:30,0.71770,0.71782,0.71734,0.71776,248,0
2020.08.25 04:35,0.71777,0.71785,0.71754,0.71763,190,0
2020.08.25 04:40,0.71761,0.71784,0.71754,0.71762,155,0
2020.08.25 04:45,0.71762,0.71773,0.71737,0.71751,213,0
2020.08.25 04:50,0.71750,0.71809,0.71740,0.71809,192,0
2020.08.25 04:55,0.71809,0.71818,0.71786,0.71798,187,0
2020.08.25 05:00,0.71800,0.71824,0.71783,0.71793,239,0
2020.08.25 05:05,0.71793,0.71793,0.71741,0.71767,157,0
2020.08.25 05:10,0.71767,0.71771,0.71744,0.71746,93,0
2020.08.25 05:15,0.71746,0.71772,0.71744,0.71747,77,0
2020.08.25 05:20,0.71747,0.71779,0.71736,0.71754,144,0
2020.08.25 05:25,0.71752,0.71772,0.71732,0.71758,141,0
2020.08.25 05:30,0.71759,0.71778,0.71753,0.71763,169,0
2020.08.25 05:35,0.71763,0.71766,0.71722,0.71734,147,0
2020.08.25 05:40,0.71734,0.71745,0.71725,0.71736,149,0
2020.08.25 05:45,0.71735,0.71738,0.71718,0.71721,137,0
2020.08.25 05:50,0.71721,0.71739,0.71721,0.71727,67,0
2020.08.25 05:55,0.71728,0.71746,0.71724,0.71730,109,0
2020.08.25 06:00,0.71729,0.71734,0.71693,0.71696,104,0
2020.08.25 06:05,0.71695,0.71709,0.71693,0.71696,150,0
2020.08.25 06:10,0.71696,0.71708,0.71675,0.71675,91,0
2020.08.25 06:15,0.71674,0.71674,0.71648,0.71653,116,0
2020.08.25 06:20,0.71653,0.71669,0.71644,0.71667,98,0
2020.08.25 06:25,0.71668,0.71696,0.71667,0.71695,68,0
2020.08.25 06:30,0.71689,0.71705,0.71685,0.71699,90,0
2020.08.25 06:35,0.71700,0.71729,0.71698,0.71725,94,0
2020.08.25 06:40,0.71725,0.71726,0.71708,0.71714,89,0
2020.08.25 06:45,0.71714,0.71729,0.71703,0.71720,110,0
2020.08.25 06:50,0.71718,0.71731,0.71715,0.71726,85,0
2020.08.25 06:55,0.71726,0.71730,0.71721,0.71728,94,0
2020.08.25 07:00,0.71729,0.71758,0.71729,0.71748,139,0
2020.08.25 07:05,0.71748,0.71758,0.71742,0.71755,76,0
2020.08.25 07:10,0.71755,0.71761,0.71745,0.71750,68,0
2020.08.25 07:15,0.71750,0.71750,0.71727,0.71732,75,0
2020.08.25 07:20,0.71732,0.71739,0.71722,0.71739,73,0
2020.08.25 07:25,0.71739,0.71739,0.71717,0.71724,89,0
2020.08.25 07:30,0.71720,0.71731,0.71717,0.71718,95,0
2020.08.25 07:35,0.71719,0.71748,0.71717,0.71744,89,0
2020.08.25 07:40,0.71744,0.71760,0.71741,0.71755,97,0
2020.08.25 07:45,0.71755,0.71755,0.71722,0.71722,84,0
2020.08.25 07:50,0.71722,0.71727,0.71685,0.71699,107,0
2020.08.25 07:55,0.71700,0.71705,0.71677,0.71683,160,0
2020.08.25 08:00,0.71684,0.71704,0.71678,0.71700,100,0
2020.08.25 08:05,0.71700,0.71706,0.71662,0.71663,122,0
2020.08.25 08:10,0.71663,0.71685,0.71649,0.71683,138,0
2020.08.25 08:15,0.71684,0.71701,0.71666,0.71692,116,0
2020.08.25 08:20,0.71691,0.71704,0.71687,0.71688,154,0
2020.08.25 08:25,0.71688,0.71699,0.71673,0.71698,112,0
2020.08.25 08:30,0.71698,0.71714,0.71685,0.71709,119,0
2020.08.25 08:35,0.71709,0.71717,0.71707,0.71708,100,0
2020.08.25 08:40,0.71708,0.71729,0.71707,0.71722,95,0
2020.08.25 08:45,0.71722,0.71725,0.71702,0.71704,139,0
2020.08.25 08:50,0.71704,0.71719,0.71699,0.71715,114,0
2020.08.25 08:55,0.71719,0.71725,0.71708,0.71725,89,0
2020.08.25 09:00,0.71723,0.71744,0.71718,0.71731,125,0
2020.08.25 09:05,0.71731,0.71744,0.71722,0.71734,97,0
2020.08.25 09:10,0.71734,0.71746,0.71727,0.71745,95,0
2020.08.25 09:15,0.71745,0.71773,0.71745,0.71768,75,0
2020.08.25 09:20,0.71768,0.71772,0.71755,0.71766,78,0
2020.08.25 09:25,0.71766,0.71777,0.71757,0.71769,104,0
2020.08.25 09:30,0.71770,0.71784,0.71738,0.71740,99,0
2020.08.25 09:35,0.71739,0.71750,0.71718,0.71718,103,0
2020.08.25 09:40,0.71718,0.71718,0.71687,0.71697,119,0
2020.08.25 09:45,0.71695,0.71713,0.71695,0.71703,103,0
2020.08.25 09:50,0.71700,0.71708,0.71675,0.71686,133,0
2020.08.25 09:55,0.71683,0.71694,0.71673,0.71673,158,0
2020.08.25 10:00,0.71673,0.71716,0.71662,0.71713,240,0
2020.08.25 10:05,0.71713,0.71718,0.71695,0.71717,125,0
2020.08.25 10:10,0.71717,0.71766,0.71713,0.71728,194,0
2020.08.25 10:15,0.71728,0.71729,0.71703,0.71707,153,0
2020.08.25 10:20,0.71707,0.71724,0.71686,0.71713,170,0
2020.08.25 10:25,0.71713,0.71734,0.71686,0.71686,125,0
2020.08.25 10:30,0.71686,0.71735,0.71686,0.71719,128,0
2020.08.25 10:35,0.71719,0.71735,0.71695,0.71735,111,0
2020.08.25 10:40,0.71735,0.71737,0.71697,0.71706,161,0
2020.08.25 10:45,0.71707,0.71719,0.71703,0.71714,147,0
2020.08.25 10:50,0.71714,0.71744,0.71714,0.71728,150,0
2020.08.25 10:55,0.71728,0.71732,0.71693,0.71703,132,0
2020.08.25 11:00,0.71702,0.71724,0.71685,0.71694,248,0
2020.08.25 11:05,0.71694,0.71695,0.71650,0.71657,196,0
2020.08.25 11:10,0.71657,0.71660,0.71626,0.71636,206,0
2020.08.25 11:15,0.71635,0.71656,0.71629,0.71647,134,0
2020.08.25 11:20,0.71647,0.71654,0.71618,0.71620,99,0
2020.08.25 11:25,0.71620,0.71647,0.71600,0.71609,113,0
2020.08.25 11:30,0.71609,0.71609,0.71575,0.71587,136,0
2020.08.25 11:35,0.71586,0.71594,0.71574,0.71577,139,0
2020.08.25 11:40,0.71577,0.71577,0.71519,0.71519,201,0
2020.08.25 11:45,0.71520,0.71552,0.71500,0.71545,205,0
2020.08.25 11:50,0.71546,0.71611,0.71544,0.71601,156,0
2020.08.25 11:55,0.71598,0.71610,0.71584,0.71610,135,0
2020.08.25 12:00,0.71610,0.71649,0.71602,0.71640,155,0
2020.08.25 12:05,0.71638,0.71639,0.71613,0.71639,92,0
2020.08.25 12:10,0.71639,0.71656,0.71638,0.71645,117,0
2020.08.25 12:15,0.71645,0.71690,0.71643,0.71687,193,0
2020.08.25 12:20,0.71686,0.71710,0.71685,0.71699,163,0
2020.08.25 12:25,0.71700,0.71718,0.71687,0.71710,114,0
2020.08.25 12:30,0.71709,0.71721,0.71682,0.71690,181,0
2020.08.25 12:35,0.71689,0.71693,0.71674,0.71677,101,0
2020.08.25 12:40,0.71669,0.71680,0.71664,0.71676,105,0
2020.08.25 12:45,0.71676,0.71687,0.71670,0.71686,46,0
2020.08.25 12:50,0.71686,0.71693,0.71675,0.71678,65,0
2020.08.25 12:55,0.71678,0.71699,0.71678,0.71689,99,0
2020.08.25 13:00,0.71690,0.71717,0.71687,0.71714,107,0
2020.08.25 13:05,0.71714,0.71738,0.71714,0.71723,142,0
2020.08.25 13:10,0.71723,0.71728,0.71695,0.71701,98,0
2020.08.25 13:15,0.71701,0.71748,0.71698,0.71748,119,0
2020.08.25 13:20,0.71748,0.71791,0.71748,0.71788,136,0
2020.08.25 13:25,0.71788,0.71791,0.71764,0.71772,132,0
2020.08.25 13:30,0.71772,0.71784,0.71749,0.71781,118,0
2020.08.25 13:35,0.71781,0.71787,0.71766,0.71785,128,0
2020.08.25 13:40,0.71785,0.71810,0.71785,0.71795,104,0
2020.08.25 13:45,0.71795,0.71810,0.71790,0.71799,102,0
2020.08.25 13:50,0.71799,0.71799,0.71778,0.71784,123,0
2020.08.25 13:55,0.71784,0.71797,0.71767,0.71795,121,0
2020.08.25 14:00,0.71798,0.71849,0.71797,0.71828,155,0
2020.08.25 14:05,0.71828,0.71830,0.71764,0.71775,136,0
2020.08.25 14:10,0.71775,0.71811,0.71775,0.71792,135,0
2020.08.25 14:15,0.71791,0.71803,0.71784,0.71798,125,0
2020.08.25 14:20,0.71798,0.71806,0.71763,0.71766,107,0
2020.08.25 14:25,0.71765,0.71778,0.71747,0.71759,101,0
2020.08.25 14:30,0.71758,0.71784,0.71758,0.71768,121,0
2020.08.25 14:35,0.71768,0.71786,0.71762,0.71763,84,0
2020.08.25 14:40,0.71763,0.71788,0.71748,0.71771,102,0
2020.08.25 14:45,0.71772,0.71773,0.71727,0.71732,149,0
2020.08.25 14:50,0.71731,0.71760,0.71728,0.71758,150,0
2020.08.25 14:55,0.71759,0.71762,0.71735,0.71737,123,0
2020.08.25 15:00,0.71739,0.71794,0.71738,0.71757,212,0
2020.08.25 15:05,0.71756,0.71775,0.71742,0.71747,148,0
2020.08.25 15:10,0.71747,0.71749,0.71708,0.71715,144,0
2020.08.25 15:15,0.71715,0.71735,0.71700,0.71703,151,0
2020.08.25 15:20,0.71706,0.71716,0.71685,0.71700,143,0
2020.08.25 15:25,0.71701,0.71728,0.71693,0.71723,137,0
2020.08.25 15:30,0.71724,0.71742,0.71700,0.71724,143,0
2020.08.25 15:35,0.71724,0.71739,0.71696,0.71734,141,0
2020.08.25 15:40,0.71734,0.71754,0.71731,0.71734,162,0
2020.08.25 15:45,0.71734,0.71747,0.71705,0.71738,150,0
2020.08.25 15:50,0.71738,0.71770,0.71738,0.71746,99,0
2020.08.25 15:55,0.71746,0.71798,0.71746,0.71792,108,0
2020.08.25 16:00,0.71791,0.71863,0.71777,0.71846,313,0
2020.08.25 16:05,0.71846,0.71901,0.71846,0.71870,327,0
2020.08.25 16:10,0.71873,0.71892,0.71862,0.71884,209,0
2020.08.25 16:15,0.71884,0.71906,0.71864,0.71877,148,0
2020.08.25 16:20,0.71878,0.71908,0.71874,0.71876,152,0
2020.08.25 16:25,0.71876,0.71882,0.71854,0.71855,176,0
2020.08.25 16:30,0.71856,0.71865,0.71819,0.71858,227,0
2020.08.25 16:35,0.71857,0.71872,0.71800,0.71803,244,0
2020.08.25 16:40,0.71803,0.71805,0.71778,0.71786,274,0
2020.08.25 16:45,0.71786,0.71833,0.71777,0.71796,264,0
2020.08.25 16:50,0.71796,0.71827,0.71777,0.71807,239,0
2020.08.25 16:55,0.71807,0.71834,0.71807,0.71823,210,0
2020.08.25 17:00,0.71823,0.71855,0.71794,0.71805,310,0
2020.08.25 17:05,0.71806,0.71838,0.71779,0.71781,310,0
2020.08.25 17:10,0.71780,0.71813,0.71764,0.71764,262,0
2020.08.25 17:15,0.71764,0.71793,0.71752,0.71777,227,0
2020.08.25 17:20,0.71777,0.71828,0.71769,0.71821,210,0
2020.08.25 17:25,0.71820,0.71839,0.71793,0.71834,258,0
2020.08.25 17:30,0.71834,0.71835,0.71792,0.71815,273,0
2020.08.25 17:35,0.71815,0.71837,0.71811,0.71813,163,0
2020.08.25 17:40,0.71812,0.71813,0.71752,0.71754,253,0
2020.08.25 17:45,0.71754,0.71754,0.71674,0.71735,384,0
2020.08.25 17:50,0.71735,0.71760,0.71726,0.71755,279,0
2020.08.25 17:55,0.71756,0.71760,0.71713,0.71732,298,0
2020.08.25 18:00,0.71732,0.71780,0.71718,0.71742,237,0
2020.08.25 18:05,0.71742,0.71758,0.71731,0.71745,172,0
2020.08.25 18:10,0.71745,0.71750,0.71700,0.71732,223,0
2020.08.25 18:15,0.71733,0.71765,0.71733,0.71756,181,0
2020.08.25 18:20,0.71756,0.71762,0.71715,0.71724,154,0
2020.08.25 18:25,0.71724,0.71726,0.71668,0.71694,251,0
2020.08.25 18:30,0.71694,0.71743,0.71687,0.71737,235,0
2020.08.25 18:35,0.71737,0.71750,0.71708,0.71716,173,0
2020.08.25 18:40,0.71714,0.71743,0.71713,0.71718,176,0
2020.08.25 18:45,0.71718,0.71743,0.71713,0.71727,121,0
2020.08.25 18:50,0.71727,0.71740,0.71716,0.71737,121,0
2020.08.25 18:55,0.71737,0.71790,0.71736,0.71786,133,0
2020.08.25 19:00,0.71786,0.71809,0.71774,0.71797,139,0
2020.08.25 19:05,0.71797,0.71799,0.71767,0.71771,138,0
2020.08.25 19:10,0.71770,0.71775,0.71734,0.71738,158,0
2020.08.25 19:15,0.71737,0.71750,0.71734,0.71736,187,0
2020.08.25 19:20,0.71736,0.71744,0.71714,0.71716,80,0
2020.08.25 19:25,0.71716,0.71721,0.71692,0.71693,114,0
2020.08.25 19:30,0.71693,0.71704,0.71692,0.71702,81,0
2020.08.25 19:35,0.71702,0.71721,0.71702,0.71707,77,0
2020.08.25 19:40,0.71706,0.71732,0.71706,0.71731,81,0
2020.08.25 19:45,0.71732,0.71732,0.71711,0.71721,106,0
2020.08.25 19:50,0.71721,0.71727,0.71711,0.71716,57,0
2020.08.25 19:55,0.71716,0.71722,0.71694,0.71713,105,0
2020.08.25 20:00,0.71713,0.71727,0.71711,0.71713,144,0
2020.08.25 20:05,0.71713,0.71747,0.71711,0.71747,86,0
2020.08.25 20:10,0.71747,0.71747,0.71722,0.71737,88,0
2020.08.25 20:15,0.71737,0.71760,0.71737,0.71758,53,0
2020.08.25 20:20,0.71758,0.71764,0.71744,0.71746,57,0
2020.08.25 20:25,0.71746,0.71755,0.71738,0.71754,48,0
2020.08.25 20:30,0.71754,0.71769,0.71750,0.71767,82,0
2020.08.25 20:35,0.71767,0.71779,0.71757,0.71778,64,0
2020.08.25 20:40,0.71778,0.71788,0.71776,0.71787,39,0
2020.08.25 20:45,0.71787,0.71789,0.71780,0.71789,42,0
2020.08.25 20:50,0.71789,0.71810,0.71788,0.71802,85,0
2020.08.25 20:55,0.71802,0.71824,0.71801,0.71818,84,0
2020.08.25 21:00,0.71817,0.71830,0.71812,0.71827,93,0
2020.08.25 21:05,0.71826,0.71837,0.71823,0.71823,92,0
2020.08.25 21:10,0.71823,0.71863,0.71823,0.71858,94,0
2020.08.25 21:15,0.71857,0.71864,0.71833,0.71856,91,0
2020.08.25 21:20,0.71850,0.71922,0.71850,0.71907,122,0
2020.08.25 21:25,0.71907,0.71924,0.71902,0.71913,65,0
2020.08.25 21:30,0.71913,0.71921,0.71905,0.71912,66,0
2020.08.25 21:35,0.71912,0.71922,0.71910,0.71911,85,0
2020.08.25 21:40,0.71910,0.71917,0.71903,0.71914,77,0
2020.08.25 21:45,0.71915,0.71933,0.71915,0.71917,79,0
2020.08.25 21:50,0.71918,0.71943,0.71916,0.71939,77,0
2020.08.25 21:55,0.71939,0.71957,0.71936,0.71956,119,0
2020.08.25 22:00,0.71956,0.71956,0.71937,0.71939,110,0
2020.08.25 22:05,0.71939,0.71944,0.71914,0.71916,100,0
2020.08.25 22:10,0.71916,0.71962,0.71916,0.71956,101,0
2020.08.25 22:15,0.71956,0.71973,0.71955,0.71970,73,0
2020.08.25 22:20,0.71970,0.71976,0.71942,0.71946,82,0
2020.08.25 22:25,0.71946,0.71954,0.71944,0.71953,67,0
2020.08.25 22:30,0.71953,0.71958,0.71942,0.71943,86,0
2020.08.25 22:35,0.71942,0.71954,0.71942,0.71944,87,0
2020.08.25 22:40,0.71944,0.71955,0.71942,0.71942,55,0
2020.08.25 22:45,0.71942,0.71952,0.71934,0.71935,51,0
2020.08.25 22:50,0.71935,0.71935,0.71920,0.71925,97,0
2020.08.25 22:55,0.71923,0.71958,0.71912,0.71912,136,0
2020.08.25 23:00,0.71912,0.71928,0.71904,0.71916,84,0
2020.08.25 23:05,0.71916,0.71950,0.71910,0.71948,92,0
2020.08.25 23:10,0.71948,0.71973,0.71948,0.71955,102,0
2020.08.25 23:15,0.71955,0.71959,0.71948,0.71949,30,0
2020.08.25 23:20,0.71949,0.71954,0.71947,0.71952,26,0
2020.08.25 23:25,0.71952,0.71957,0.71943,0.71944,22,0
2020.08.25 23:30,0.71944,0.71949,0.71938,0.71940,39,0
2020.08.25 23:35,0.71939,0.71947,0.71938,0.71947,29,0
2020.08.25 23:40,0.71946,0.71946,0.71937,0.71944,23,0
2020.08.25 23:45,0.71944,0.71953,0.71941,0.71945,66,0
2020.08.25 23:50,0.71949,0.71955,0.71943,0.71948,60,0
2020.08.25 23:55,0.71946,0.71948,0.71927,0.71937,68,0
2020.08.26 00:00,0.71940,0.71949,0.71917,0.71947,14,0
2020.08.26 00:05,0.71951,0.71952,0.71937,0.71950,13,0
2020.08.26 00:10,0.71950,0.71951,0.71928,0.71946,39,0
2020.08.26 00:15,0.71947,0.71949,0.71930,0.71937,27,0
2020.08.26 00:20,0.71932,0.71941,0.71929,0.71939,20,0
2020.08.26 00:25,0.71941,0.71941,0.71913,0.71913,14,0
2020.08.26 00:30,0.71913,0.71919,0.71903,0.71906,84,0
2020.08.26 00:35,0.71906,0.71906,0.71887,0.71902,120,0
2020.08.26 00:40,0.71901,0.71909,0.71897,0.71897,182,0
2020.08.26 00:45,0.71902,0.71911,0.71894,0.71903,161,0
2020.08.26 00:50,0.71903,0.71916,0.71902,0.71906,146,0
2020.08.26 00:55,0.71908,0.71936,0.71906,0.71928,103,0
2020.08.26 01:00,0.71928,0.71937,0.71915,0.71920,81,0
2020.08.26 01:05,0.71923,0.71927,0.71922,0.71926,43,0
2020.08.26 01:10,0.71926,0.71937,0.71923,0.71936,51,0
2020.08.26 01:15,0.71937,0.71942,0.71934,0.71941,38,0
2020.08.26 01:20,0.71942,0.71945,0.71932,0.71932,54,0
2020.08.26 01:25,0.71934,0.71936,0.71932,0.71933,33,0
2020.08.26 01:30,0.71935,0.71941,0.71926,0.71933,45,0
2020.08.26 01:35,0.71933,0.71934,0.71928,0.71933,28,0
2020.08.26 01:40,0.71932,0.71933,0.71923,0.71924,41,0
2020.08.26 01:45,0.71922,0.71932,0.71921,0.71932,33,0
2020.08.26 01:50,0.71932,0.71932,0.71920,0.71923,38,0
2020.08.26 01:55,0.71923,0.71925,0.71913,0.71915,49,0
2020.08.26 02:00,0.71917,0.71935,0.71917,0.71932,63,0
2020.08.26 02:05,0.71932,0.71944,0.71932,0.71942,30,0
2020.08.26 02:10,0.71942,0.71943,0.71937,0.71942,14,0
2020.08.26 02:15,0.71942,0.71943,0.71932,0.71932,61,0
2020.08.26 02:20,0.71932,0.71942,0.71932,0.71941,87,0
2020.08.26 02:25,0.71941,0.71944,0.71932,0.71942,88,0
2020.08.26 02:30,0.71943,0.72012,0.71943,0.72009,142,0
2020.08.26 02:35,0.72009,0.72028,0.71998,0.72018,115,0
2020.08.26 02:40,0.72018,0.72037,0.72017,0.72028,148,0
2020.08.26 02:45,0.72028,0.72070,0.72026,0.72052,151,0
2020.08.26 02:50,0.72052,0.72052,0.72022,0.72032,83,0
2020.08.26 02:55,0.72032,0.72033,0.71972,0.71974,162,0
2020.08.26 03:00,0.71975,0.72001,0.71963,0.72000,244,0
2020.08.26 03:05,0.72000,0.72043,0.71996,0.72033,208,0
2020.08.26 03:10,0.72033,0.72049,0.72006,0.72033,226,0
2020.08.26 03:15,0.72033,0.72060,0.72024,0.72026,150,0
2020.08.26 03:20,0.72026,0.72048,0.72019,0.72033,116,0
2020.08.26 03:25,0.72033,0.72045,0.72026,0.72041,76,0
2020.08.26 03:30,0.72041,0.72046,0.72005,0.72005,120,0
2020.08.26 03:35,0.72005,0.72006,0.71961,0.71980,182,0
2020.08.26 03:40,0.71981,0.72014,0.71952,0.72005,129,0
2020.08.26 03:45,0.72005,0.72036,0.71979,0.71995,120,0
2020.08.26 03:50,0.71995,0.72016,0.71976,0.72007,148,0
2020.08.26 03:55,0.72007,0.72027,0.71988,0.71994,126,0
2020.08.26 04:00,0.71994,0.72008,0.71987,0.71996,148,0
2020.08.26 04:05,0.71996,0.72008,0.71988,0.71991,96,0
2020.08.26 04:10,0.71991,0.72001,0.71987,0.71995,97,0
2020.08.26 04:15,0.71996,0.72011,0.71956,0.71965,159,0
2020.08.26 04:20,0.71965,0.71987,0.71963,0.71977,137,0
2020.08.26 04:25,0.71977,0.72024,0.71976,0.72008,137,0
2020.08.26 04:30,0.72009,0.72035,0.71988,0.72008,275,0
2020.08.26 04:35,0.72008,0.72041,0.72007,0.72013,196,0
2020.08.26 04:40,0.72013,0.72017,0.71992,0.72002,141,0
2020.08.26 04:45,0.72002,0.72050,0.71997,0.72049,162,0
2020.08.26 04:50,0.72049,0.72057,0.72032,0.72033,168,0
2020.08.26 04:55,0.72033,0.72046,0.72017,0.72018,161,0
2020.08.26 05:00,0.72017,0.72034,0.71998,0.72033,196,0
2020.08.26 05:05,0.72033,0.72034,0.72008,0.72019,190,0
2020.08.26 05:10,0.72018,0.72027,0.71988,0.71992,128,0
2020.08.26 05:15,0.71992,0.71999,0.71985,0.71994,119,0
2020.08.26 05:20,0.71994,0.72003,0.71977,0.71985,145,0
2020.08.26 05:25,0.71985,0.71992,0.71973,0.71982,86,0
2020.08.26 05:30,0.71982,0.72019,0.71982,0.72006,155,0
2020.08.26 05:35,0.72006,0.72007,0.71965,0.71969,92,0
2020.08.26 05:40,0.71969,0.71971,0.71953,0.71953,113,0
2020.08.26 05:45,0.71953,0.71963,0.71934,0.71937,153,0
2020.08.26 05:50,0.71936,0.71941,0.71916,0.71916,121,0
2020.08.26 05:55,0.71915,0.71927,0.71904,0.71916,155,0
2020.08.26 06:00,0.71916,0.71922,0.71892,0.71900,154,0
2020.08.26 06:05,0.71900,0.71902,0.71883,0.71894,163,0
2020.08.26 06:10,0.71893,0.71899,0.71877,0.71899,133,0
2020.08.26 06:15,0.71899,0.71899,0.71871,0.71888,148,0
2020.08.26 06:20,0.71888,0.71903,0.71887,0.71898,100,0
2020.08.26 06:25,0.71898,0.71899,0.71874,0.71896,106,0
2020.08.26 06:30,0.71896,0.71905,0.71885,0.71904,83,0
2020.08.26 06:35,0.71904,0.71918,0.71903,0.71918,88,0
2020.08.26 06:40,0.71917,0.71929,0.71898,0.71898,77,0
2020.08.26 06:45,0.71898,0.71937,0.71896,0.71936,128,0
2020.08.26 06:50,0.71937,0.71938,0.71907,0.71908,82,0
2020.08.26 06:55,0.71908,0.71917,0.71896,0.71898,41,0
2020.08.26 07:00,0.71898,0.71917,0.71898,0.71914,60,0
2020.08.26 07:05,0.71914,0.71924,0.71912,0.71918,69,0
2020.08.26 07:10,0.71917,0.71931,0.71916,0.71928,79,0
2020.08.26 07:15,0.71927,0.71929,0.71916,0.71922,101,0
2020.08.26 07:20,0.71922,0.71929,0.71922,0.71926,46,0
2020.08.26 07:25,0.71926,0.71939,0.71918,0.71923,62,0
2020.08.26 07:30,0.71926,0.71926,0.71895,0.71912,78,0
2020.08.26 07:35,0.71912,0.71938,0.71912,0.71938,53,0
2020.08.26 07:40,0.71938,0.71956,0.71938,0.71948,63,0
2020.08.26 07:45,0.71948,0.71960,0.71941,0.71950,103,0
2020.08.26 07:50,0.71951,0.71957,0.71922,0.71923,206,0
2020.08.26 07:55,0.71924,0.71927,0.71913,0.71919,84,0
2020.08.26 08:00,0.71919,0.71952,0.71919,0.71949,73,0
2020.08.26 08:05,0.71949,0.71965,0.71933,0.71933,91,0
2020.08.26 08:10,0.71933,0.71969,0.71926,0.71956,125,0
2020.08.26 08:15,0.71957,0.71958,0.71935,0.71948,100,0
2020.08.26 08:20,0.71950,0.71956,0.71927,0.71953,91,0
2020.08.26 08:25,0.71953,0.71954,0.71933,0.71953,54,0
2020.08.26 08:30,0.71953,0.71964,0.71948,0.71960,88,0
2020.08.26 08:35,0.71960,0.71960,0.71917,0.71923,135,0
2020.08.26 08:40,0.71923,0.71926,0.71906,0.71914,175,0
2020.08.26 08:45,0.71914,0.71934,0.71906,0.71906,149,0
2020.08.26 08:50,0.71906,0.71919,0.71905,0.71918,99,0
2020.08.26 08:55,0.71915,0.71933,0.71913,0.71927,86,0
2020.08.26 09:00,0.71924,0.71945,0.71923,0.71936,84,0
2020.08.26 09:05,0.71936,0.71952,0.71930,0.71945,119,0
2020.08.26 09:10,0.71944,0.71957,0.71925,0.71926,104,0
2020.08.26 09:15,0.71927,0.71938,0.71871,0.71874,112,0
2020.08.26 09:20,0.71874,0.71941,0.71874,0.71936,116,0
2020.08.26 09:25,0.71935,0.71943,0.71917,0.71939,80,0
2020.08.26 09:30,0.71937,0.71976,0.71937,0.71963,112,0
2020.08.26 09:35,0.71964,0.71973,0.71955,0.71968,77,0
2020.08.26 09:40,0.71967,0.71987,0.71962,0.71987,103,0
2020.08.26 09:45,0.71985,0.71997,0.71984,0.71986,124,0
2020.08.26 09:50,0.71986,0.71995,0.71955,0.71957,89,0
2020.08.26 09:55,0.71957,0.71964,0.71935,0.71961,118,0
2020.08.26 10:00,0.71960,0.71962,0.71880,0.71893,278,0
2020.08.26 10:05,0.71889,0.71933,0.71871,0.71929,226,0
2020.08.26 10:10,0.71929,0.71974,0.71914,0.71965,275,0
2020.08.26 10:15,0.71961,0.71963,0.71926,0.71942,209,0
2020.08.26 10:20,0.71939,0.71946,0.71928,0.71933,178,0
2020.08.26 10:25,0.71933,0.71998,0.71927,0.71984,267,0
2020.08.26 10:30,0.71983,0.72016,0.71983,0.71996,240,0
2020.08.26 10:35,0.71996,0.72014,0.71979,0.71983,163,0
2020.08.26 10:40,0.71984,0.72009,0.71983,0.72003,137,0
2020.08.26 10:45,0.72004,0.72041,0.72003,0.72040,158,0
2020.08.26 10:50,0.72039,0.72039,0.71986,0.71986,108,0
2020.08.26 10:55,0.71985,0.72009,0.71959,0.71964,166,0
2020.08.26 11:00,0.71964,0.72013,0.71963,0.71977,174,0
2020.08.26 11:05,0.71977,0.72009,0.71967,0.71992,188,0
2020.08.26 11:10,0.71993,0.72008,0.71985,0.72003,149,0
2020.08.26 11:15,0.72003,0.72035,0.72003,0.72028,168,0
2020.08.26 11:20,0.72028,0.72051,0.71998,0.72004,156,0
2020.08.26 11:25,0.72004,0.72032,0.71985,0.71994,175,0
2020.08.26 11:30,0.71994,0.72029,0.71974,0.72025,196,0
2020.08.26 11:35,0.72026,0.72082,0.72024,0.72066,200,0
2020.08.26 11:40,0.72066,0.72101,0.72062,0.72065,151,0
2020.08.26 11:45,0.72065,0.72083,0.72044,0.72054,157,0
2020.08.26 11:50,0.72054,0.72076,0.72044,0.72056,141,0
2020.08.26 11:55,0.72056,0.72066,0.72048,0.72064,108,0
2020.08.26 12:00,0.72065,0.72086,0.72062,0.72073,139,0
2020.08.26 12:05,0.72073,0.72073,0.72024,0.72025,215,0
2020.08.26 12:10,0.72025,0.72027,0.72004,0.72014,128,0
2020.08.26 12:15,0.72015,0.72016,0.71983,0.71984,131,0
2020.08.26 12:20,0.71984,0.71988,0.71962,0.71965,109,0
2020.08.26 12:25,0.71963,0.71988,0.71958,0.71984,91,0
2020.08.26 12:30,0.71984,0.71991,0.71973,0.71975,137,0
2020.08.26 12:35,0.71976,0.71979,0.71956,0.71975,142,0
2020.08.26 12:40,0.71975,0.71975,0.71956,0.71958,93,0
2020.08.26 12:45,0.71956,0.71992,0.71952,0.71990,110,0
2020.08.26 12:50,0.71990,0.71999,0.71965,0.71989,100,0
2020.08.26 12:55,0.71989,0.72010,0.71978,0.72008,139,0
2020.08.26 13:00,0.72007,0.72040,0.71991,0.72027,136,0
2020.08.26 13:05,0.72028,0.72034,0.72003,0.72006,132,0
2020.08.26 13:10,0.72006,0.72016,0.71994,0.71996,110,0
2020.08.26 13:15,0.72001,0.72026,0.71995,0.71997,164,0
2020.08.26 13:20,0.71996,0.72016,0.71994,0.72012,87,0
2020.08.26 13:25,0.72013,0.72024,0.72003,0.72004,92,0
2020.08.26 13:30,0.72004,0.72012,0.72002,0.72009,98,0
2020.08.26 13:35,0.72009,0.72033,0.72000,0.72028,104,0
2020.08.26 13:40,0.72027,0.72045,0.72016,0.72018,110,0
2020.08.26 13:45,0.72017,0.72025,0.72007,0.72009,97,0
2020.08.26 13:50,0.72009,0.72041,0.72002,0.72034,121,0
2020.08.26 13:55,0.72034,0.72043,0.72022,0.72029,103,0
2020.08.26 14:00,0.72028,0.72048,0.72021,0.72044,132,0
2020.08.26 14:05,0.72044,0.72056,0.72035,0.72036,87,0
2020.08.26 14:10,0.72036,0.72048,0.72028,0.72040,88,0
2020.08.26 14:15,0.72039,0.72039,0.72018,0.72034,79,0
2020.08.26 14:20,0.72034,0.72087,0.72025,0.72085,106,0
2020.08.26 14:25,0.72086,0.72109,0.72074,0.72079,102,0
2020.08.26 14:30,0.72079,0.72081,0.72057,0.72059,95,0
2020.08.26 14:35,0.72059,0.72084,0.72055,0.72078,95,0
2020.08.26 14:40,0.72078,0.72078,0.72049,0.72056,74,0
2020.08.26 14:45,0.72056,0.72057,0.72024,0.72034,96,0
2020.08.26 14:50,0.72034,0.72040,0.72008,0.72018,123,0
2020.08.26 14:55,0.72019,0.72024,0.71994,0.72004,192,0
2020.08.26 15:00,0.72006,0.72015,0.71983,0.71988,207,0
2020.08.26 15:05,0.71988,0.72034,0.71976,0.72026,143,0
2020.08.26 15:10,0.72026,0.72030,0.71986,0.72007,171,0
2020.08.26 15:15,0.72007,0.72017,0.71973,0.71978,234,0
2020.08.26 15:20,0.71978,0.72017,0.71978,0.72006,161,0
2020.08.26 15:25,0.72005,0.72017,0.71991,0.71992,119,0
2020.08.26 15:30,0.71992,0.71996,0.71908,0.71949,247,0
2020.08.26 15:35,0.71948,0.71958,0.71894,0.71896,201,0
2020.08.26 15:40,0.71897,0.71917,0.71877,0.71894,188,0
2020.08.26 15:45,0.71894,0.71929,0.71871,0.71927,218,0
2020.08.26 15:50,0.71927,0.71948,0.71912,0.71936,193,0
2020.08.26 15:55,0.71936,0.71995,0.71936,0.71965,223,0
2020.08.26 16:00,0.71965,0.71984,0.71945,0.71969,240,0
2020.08.26 16:05,0.71968,0.71996,0.71943,0.71979,248,0
2020.08.26 16:10,0.71979,0.72016,0.71972,0.72004,229,0
2020.08.26 16:15,0.72008,0.72018,0.71983,0.72014,232,0
2020.08.26 16:20,0.72015,0.72038,0.71999,0.72032,195,0
2020.08.26 16:25,0.72031,0.72044,0.72008,0.72039,218,0
2020.08.26 16:30,0.72041,0.72104,0.72034,0.72096,329,0
2020.08.26 16:35,0.72097,0.72159,0.72097,0.72134,385,0
2020.08.26 16:40,0.72135,0.72186,0.72134,0.72143,279,0
2020.08.26 16:45,0.72143,0.72163,0.72130,0.72145,240,0
2020.08.26 16:50,0.72145,0.72147,0.72114,0.72127,210,0
2020.08.26 16:55,0.72127,0.72155,0.72127,0.72146,184,0
2020.08.26 17:00,0.72145,0.72175,0.72135,0.72155,262,0
2020.08.26 17:05,0.72156,0.72170,0.72127,0.72153,240,0
2020.08.26 17:10,0.72152,0.72152,0.72106,0.72150,252,0
2020.08.26 17:15,0.72152,0.72229,0.72152,0.72214,248,0
2020.08.26 17:20,0.72215,0.72251,0.72215,0.72246,228,0
2020.08.26 17:25,0.72249,0.72279,0.72236,0.72257,211,0
2020.08.26 17:30,0.72257,0.72269,0.72234,0.72255,247,0
2020.08.26 17:35,0.72256,0.72272,0.72239,0.72240,204,0
2020.08.26 17:40,0.72239,0.72264,0.72224,0.72224,221,0
2020.08.26 17:45,0.72223,0.72243,0.72205,0.72215,217,0
2020.08.26 17:50,0.72214,0.72226,0.72192,0.72199,188,0
2020.08.26 17:55,0.72201,0.72254,0.72197,0.72244,276,0
2020.08.26 18:00,0.72244,0.72246,0.72213,0.72222,191,0
2020.08.26 18:05,0.72222,0.72245,0.72222,0.72236,156,0
