-0.08526081,0.018850207,0,1,32
0.02862072,-0.08526075,1,0,41
0.028959572,0.02862072,1,0,32
0.044599712,0.028959572,1,0,63
-0.014288545,0.04459977,0,1,26
-0.0602957,-0.014288545,0,1,56
0.011782765,-0.0602957,1,0,48
0.059604704,0.011782825,1,0,59
-0.0032451153,0.059604704,0,1,115
0.017948687,-0.0032451153,1,0,121
-0.007920206,0.017948687,0,1,114
-0.0701192,-0.007920206,0,1,114
0.032019496,-0.07011902,1,0,98
-0.014515877,0.032019496,0,1,63
0.027726412,-0.014515877,1,0,59
0.032574713,0.027726531,1,0,57
-0.019748092,0.032574713,0,1,56
-0.011534631,-0.019748092,0,1,52
0.011820078,-0.011534691,1,0,52
-0.04239893,0.011820078,0,1,61
0.054698706,-0.04239893,1,0,63
0.015458584,0.054698884,1,0,74
-0.012582123,0.015458584,0,1,45
-0.015981197,-0.012582123,0,1,57
-0.008596718,-0.015981197,0,1,115
-0.041232646,-0.008596718,0,1,64
0.00049990416,-0.041232646,1,0,86
0.030468225,0.00049996376,1,0,108
0.014846027,0.030468225,1,0,102
-0.023833752,0.014846027,0,1,89
0.020716012,-0.023833692,1,0,107
-0.045723498,0.020716012,0,1,115
0.03236687,-0.045723498,1,0,118
-0.027909875,0.03236687,0,1,72
0.030085266,-0.027909875,1,0,139
0.005108297,0.030085266,1,0,185
0.024006844,0.005108595,1,0,193
-0.0311957,0.024006844,0,1,161
-0.018456817,-0.0311957,0,1,211
-0.03648877,-0.018456697,0,1,148
-0.008040667,-0.03648877,0,1,103
0.012537181,-0.008040667,1,0,126
0.038661063,0.012537181,1,0,155
0.04790622,0.03866124,1,0,128
-0.013772666,0.047906518,0,1,162
0.0053378344,-0.013772666,1,0,186
-0.026281536,0.0053378344,0,1,183
-0.02703023,-0.026281476,0,1,177
0.036517322,-0.02703023,1,0,181
0.0066785812,0.036517322,1,0,150
-0.00776428,0.00667876,0,1,205
-0.032279015,-0.00776428,0,1,269
-0.24929014,-0.032279015,0,1,317
-0.16794848,-0.24929011,0,1,278
0.0155164,-0.16794848,1,0,326
0.0033021271,0.0155164,1,0,241
0.19292977,0.003302008,1,0,268
0.011344463,0.19292977,1,0,229
0.016921222,0.011344463,1,0,181
0.0017346442,0.016921103,1,0,252
0.046239138,0.0017346442,1,0,183
0.10345358,0.046239138,1,0,151
0.12667537,0.10345358,1,0,157
-0.027136326,0.12667537,0,1,175
0.022416115,-0.027136385,1,0,204
-0.09431279,0.022416055,0,1,153
-0.035345495,-0.09431279,0,1,182
0.042488515,-0.035345495,1,0,219
-0.033270657,0.042488575,0,1,148
-0.015051901,-0.033270657,0,1,131
-0.016273677,-0.015051901,0,1,123
0.021470845,-0.016273618,1,0,158
0.07585758,0.021470845,1,0,144
0.031503797,0.07585758,1,0,178
-0.017696321,0.031503797,0,1,189
0.033867598,-0.017696321,1,0,200
-0.022098005,0.033867538,0,1,190
0.054445684,-0.022097945,1,0,182
-0.043794096,0.054445684,0,1,145
-0.036963463,-0.043794036,0,1,130
-0.012342691,-0.036963463,0,1,134
-0.042568207,-0.012342691,0,1,114
0.0072131157,-0.042568326,1,0,107
0.03575754,0.0072131157,1,0,144
-0.021018386,0.03575754,0,1,105
-0.012115717,-0.021018386,0,1,85
-0.014884353,-0.012115717,0,1,110
-0.01900816,-0.014884353,0,1,100
0.04382968,-0.01900816,1,0,67
0.017594814,0.04382968,1,0,52
0.006562412,0.017594814,1,0,106
0.0016193986,0.0065624714,1,0,53
-0.029260218,0.0016193986,0,1,44
0.0041211843,-0.029260218,1,0,56
0.0072223544,0.0041211247,1,0,86
-0.055609465,0.0072223544,0,1,127
0.043281496,-0.055609345,1,0,80
-0.086031854,0.043281436,0,1,147
0.041868687,-0.086031854,1,0,57
-0.019447982,0.041868687,0,1,78
-0.025862932,-0.019448042,0,1,127
-0.018793166,-0.025862932,0,1,115
0.027399004,-0.018793166,1,0,171
-0.052467585,0.027399063,0,1,109
-0.015406013,-0.052467585,0,1,236
-0.039151013,-0.015406013,0,1,123
0.046161056,-0.039151013,1,0,171
0.037379593,0.046161085,1,0,225
0.061340332,0.037379652,1,0,160
0.04795748,0.061340332,1,0,162
0.051670372,0.04795748,1,0,139
-0.062312484,0.051670372,0,1,130
0.040814042,-0.062312484,1,0,186
0.008344173,0.040814042,1,0,141
0.048068523,0.008344054,1,0,174
-0.041384995,0.048068523,0,1,121
-0.061782658,-0.041384995,0,1,168
-0.03023231,-0.061782777,0,1,244
-0.10518274,-0.03023231,0,1,186
0.10702816,-0.10518274,1,0,228
-0.014581919,0.107028276,0,1,252
0.10491878,-0.014581859,1,0,313
0.035451412,0.10491878,1,0,216
-0.066951215,0.03545147,0,1,254
0.0071759224,-0.066951215,1,0,316
0.056251705,0.0071759224,1,0,227
-0.003617525,0.056251764,0,1,216
0.040826917,-0.0036175847,1,0,206
-0.10941994,0.040826857,0,1,169
-0.0110215545,-0.10941994,0,1,162
-0.07123262,-0.0110215545,0,1,202
-0.02499199,-0.07123262,0,1,172
-0.0088143945,-0.02499199,0,1,229
-0.021425843,-0.008814335,0,1,227
-0.04939577,-0.021425843,0,1,251
-0.13763344,-0.04939571,0,1,195
-0.04881549,-0.13763344,0,1,317
-0.05416912,-0.04881549,0,1,326
0.014958188,-0.05416912,1,0,218
0.021518245,0.014958158,1,0,247
0.11252928,0.021518275,1,0,192
0.061733186,0.11252925,1,0,194
-0.01933971,0.061733186,0,1,236
0.060604542,-0.01933977,1,0,211
0.15821397,0.060604542,1,0,185
0.102401495,0.15821397,1,0,193
0.10666633,0.102401376,1,0,161
-0.041695654,0.10666633,0,1,134
-0.042107403,-0.041695654,0,1,108
-0.0943799,-0.042107403,0,1,195
-0.0130624175,-0.0943799,0,1,166
0.0059378147,-0.0130624175,1,0,172
-0.024785936,0.0059378743,0,1,228
0.042782962,-0.024785936,1,0,170
-0.018658757,0.042782962,0,1,153
-0.050453067,-0.018658757,0,1,139
0.013204038,-0.050453067,1,0,160
0.07368094,0.013204038,1,0,143
0.03727472,0.07368082,1,0,180
-0.023783207,0.03727472,0,1,210
0.005352676,-0.023783207,1,0,173
0.02177906,0.0053528547,1,0,162
-0.04161036,0.02177906,0,1,184
-0.009170771,-0.04161036,0,1,159
-0.036127865,-0.009170771,0,1,151
0.043250203,-0.036127865,1,0,126
-0.023010254,0.043250203,0,1,257
0.04747325,-0.023010254,1,0,192
0.010852218,0.04747325,1,0,201
-0.033979714,0.010852218,0,1,170
-0.04758072,-0.033979714,0,1,97
-0.010084331,-0.04758078,0,1,140
-0.023874521,-0.010084391,0,1,185
0.04566139,-0.02387458,1,0,127
0.03095764,0.04566139,1,0,146
0.00487417,0.03095764,1,0,190
-0.07431185,0.00487417,0,1,159
-0.010028422,-0.07431185,0,1,171
0.06671882,-0.010028362,1,0,130
-0.03076756,0.06671882,0,1,179
0.046075106,-0.03076756,1,0,271
-0.003095746,0.046074986,0,1,170
-0.0341323,-0.003095746,0,1,205
-0.03214556,-0.0341323,0,1,233
-0.0612877,-0.03214562,0,1,233
0.06678021,-0.0612877,1,0,140
-0.08852738,0.06678021,0,1,303
0.09945059,-0.08852726,1,0,278
0.0782882,0.09945059,1,0,238
-0.044890344,0.0782882,0,1,260
0.0059179664,-0.044890225,1,0,278
-0.1418984,0.0059179664,0,1,347
-0.04705262,-0.1418984,0,1,402
-0.04552415,-0.04705268,0,1,380
0.011076361,-0.04552415,1,0,338
-0.06379712,0.011076361,0,1,394
-0.00028708577,-0.06379709,0,1,314
0.0059731007,-0.00028705597,1,0,285
-0.10181153,0.0059731007,0,1,431
0.067335665,-0.10181174,1,0,342
0.094739586,0.067335665,1,0,388
0.117880195,0.094739586,1,0,440
0.17025965,0.117880195,1,0,373
-0.01839137,0.17025954,0,1,326
0.048013806,-0.01839137,1,0,397
-0.056538522,0.048013806,0,1,315
0.040062726,-0.056538522,1,0,277
0.05288744,0.040062726,1,0,306
-0.033144593,0.05288744,0,1,251
-0.08182317,-0.033144593,0,1,307
-0.055394053,-0.08182299,0,1,359
0.011688232,-0.055394053,1,0,256
-0.012612641,0.011688232,0,1,294
-0.026204646,-0.012612641,0,1,311
0.10390639,-0.026204646,1,0,379
-0.0015681982,0.10390639,0,1,347
-0.011823893,-0.0015681982,0,1,294
-0.050390065,-0.011823893,0,1,192
-0.056262553,-0.050390065,0,1,209
0.074941814,-0.056262553,1,0,163
-0.044100642,0.074941814,0,1,189
0.030344486,-0.044100642,1,0,185
0.04964882,0.030344427,1,0,220
-0.0328421,0.04964882,0,1,330
-0.008474588,-0.03284222,0,1,237
0.015854299,-0.008474708,1,0,200
0.038302004,0.015854299,1,0,198
0.018324077,0.038302004,1,0,225
-0.021133661,0.018469155,0,1,213
-0.025370955,-0.020994425,0,1,170
-0.009906173,-0.025515378,0,1,169
-0.029520988,-0.009906292,0,1,116
0.011828423,-0.029520988,1,0,93
-0.01988393,0.011828423,0,1,84
0.020629644,-0.01988393,1,0,116
-0.018026471,0.020629704,0,1,146
-0.004100919,-0.01802659,0,1,133
-0.025239408,-0.004100919,0,1,155
0.007537782,-0.025239408,1,0,166
0.036013782,0.0075377226,1,0,158
-0.036940515,0.036013782,0,1,142
0.038794994,-0.036940515,1,0,140
-0.005229652,0.038795173,0,1,129
-0.00651443,-0.005229652,0,1,146
-0.00997442,-0.00651443,0,1,103
0.022415519,-0.0099743605,1,0,118
-0.029732525,0.022415519,0,1,123
0.036525488,-0.029732525,1,0,139
-0.0008120537,0.036525607,0,1,114
0.016437411,-0.0008120537,1,0,116
-0.014045417,0.016437411,0,1,135
-0.014148474,-0.014045358,0,1,109
-0.0036954284,-0.014148474,0,1,131
0.051772118,-0.0036954284,1,0,106
-0.063771844,0.051772,0,1,153
0.06052184,-0.063771844,1,0,141
-0.046393096,0.06052178,0,1,176
0.015802324,-0.046393156,1,0,211
-0.012378693,0.015802324,0,1,97
-0.042755127,-0.012378693,0,1,137
0.042842746,-0.042755127,1,0,115
-0.025904298,0.042842746,0,1,159
0.020306826,-0.025904298,1,0,139
0.024487734,0.020307064,1,0,178
-0.024208784,0.024487734,0,1,227
-0.007749021,-0.024208784,0,1,196
-0.0014672875,-0.007749021,0,1,128
-0.010520339,-0.0014674067,0,1,127
-0.009939253,-0.010520041,0,1,163
0.0110503435,-0.009939253,1,0,177
0.041775525,0.0110503435,1,0,188
-0.04260987,0.041775703,0,1,146
-0.0040777326,-0.04260987,0,1,156
0.025776982,-0.0040777326,1,0,177
-0.037443697,0.025777161,0,1,193
-0.019784033,-0.037443697,0,1,205
0.08093256,-0.019784033,1,0,143
-0.002272904,0.0809325,0,1,44
-0.036403656,-0.002272904,0,1,55
-0.009587407,-0.036403656,0,1,40
-0.029795945,-0.009587526,0,1,27
0.012040496,-0.029795945,1,0,51
-0.0040424466,0.012040496,0,1,57
-0.0029007196,-0.004042506,0,1,51
0.0225479,-0.0029007196,1,0,38
-0.04196292,0.0225479,0,1,68
-0.008991122,-0.04196292,0,1,64
0.00565964,-0.008991122,1,0,67
0.008964539,0.00565958,1,0,26
0.031039357,0.008964658,1,0,57
0.009567022,0.031039357,1,0,89
0.0055499077,0.009567022,1,0,43
0.011673033,0.0055500865,1,0,46
-0.04034716,0.011672974,0,1,25
0.0004003644,-0.04034716,1,0,88
-0.017319083,0.0004005432,0,1,36
0.023712575,-0.017319083,1,0,44
-0.019521594,0.023712575,0,1,54
0.016762435,-0.019521594,1,0,39
-0.001149714,0.016762435,0,1,67
0.009714901,-0.0011495352,1,0,96
0.02398187,0.009714901,1,0,46
-0.0005592704,0.02398187,0,1,58
0.008264899,-0.00055933,1,0,68
0.018823683,0.008264899,1,0,44
-0.025115132,0.018823683,0,1,48
0.0139991045,-0.025115192,1,0,86
0.012107611,0.0139991045,1,0,70
-0.018436193,0.012107611,0,1,43
0.02636981,-0.018436193,1,0,86
-0.02071184,0.02636981,0,1,60
-0.012532115,-0.02071184,0,1,36
-0.0047724843,-0.012532234,0,1,98
0.003001213,-0.0047724843,1,0,82
-0.00968802,0.003001213,0,1,137
-0.016771257,-0.00968802,0,1,95
-0.021454155,-0.016771257,0,1,70
-2.3245811e-06,-0.021454155,0,1,65
0.06881809,-2.5629997e-06,1,0,71
-0.008913457,0.06881809,0,1,67
-0.011810362,-0.008913338,0,1,71
0.011514604,-0.011810422,1,0,126
0.019760966,0.011514604,1,0,214
0.018957496,0.019760966,1,0,131
0.0038987994,0.018957496,1,0,288
0.019517541,0.0038987994,1,0,251
-0.07457769,0.019517541,0,1,139
-0.014285982,-0.07457775,0,1,208
0.008682549,-0.014285982,1,0,227
-0.028362215,0.008682549,0,1,125
0.04107237,-0.028362215,1,0,140
0.011933923,0.04107237,1,0,158
-0.07846129,0.011933923,0,1,191
-0.0042899847,-0.07846129,0,1,146
0.0049675107,-0.0042899847,1,0,151
-0.014441073,0.0049676895,0,1,178
0.052866936,-0.014441073,1,0,209
-0.049533725,0.052866936,0,1,187
-0.008911192,-0.049533665,0,1,191
0.008167565,-0.008911192,1,0,207
0.016082227,0.008167565,1,0,181
-0.054798007,0.016082168,0,1,241
0.045892954,-0.054798007,1,0,234
-0.014391601,0.045892954,0,1,196
0.1112048,-0.01439178,1,0,211
-0.07982296,0.1112048,0,1,175
-0.031867802,-0.07982296,0,1,189
0.08544725,-0.03186792,1,0,290
-0.012354851,0.08544725,0,1,173
0.028743744,-0.012354851,1,0,169
-0.007363558,0.028743744,0,1,206
-0.0063405633,-0.007363558,0,1,175
0.0081246495,-0.0063405633,1,0,117
-0.09360123,0.00812453,0,1,121
0.019931555,-0.09360123,1,0,166
0.020046711,0.019931555,1,0,124
-0.03354436,0.020046711,0,1,165
0.076464176,-0.03354436,1,0,165
-0.059437513,0.076464176,0,1,137
0.02795291,-0.059437513,1,0,122
0.019876182,0.02795291,1,0,86
-0.020025492,0.019876182,0,1,91
0.040062606,-0.020025492,1,0,152
0.024941623,0.040062666,1,0,138
-0.0039898157,0.024941564,0,1,131
-0.006082654,-0.0039898157,0,1,105
-0.04170972,-0.006082654,0,1,109
-0.011774898,-0.04170966,0,1,111
0.018953621,-0.011774898,1,0,98
-0.013780534,0.018953621,0,1,57
-0.005906403,-0.013780594,0,1,158
-0.0057432055,-0.0059063435,0,1,106
-0.0070129633,-0.0057432055,0,1,78
0.036832273,-0.0070129633,1,0,79
-0.038904607,0.036832273,0,1,102
-0.040637493,-0.038904607,0,1,120
0.061075985,-0.040637434,1,0,153
-0.03773749,0.061075985,0,1,83
0.039015114,-0.03773749,1,0,111
-0.0065687895,0.039015114,0,1,102
-0.0177024,-0.0065687895,0,1,97
0.006645322,-0.0177024,1,0,79
0.008255959,0.0066452622,1,0,96
0.01406014,0.008255959,1,0,144
0.053812265,0.01406008,1,0,146
-0.0062023997,0.053812146,0,1,89
0.028083742,-0.0062023997,1,0,105
-0.040790677,0.028083742,0,1,147
0.023819923,-0.040790677,1,0,143
0.0018363595,0.023819923,1,0,106
-0.031564236,0.0018363595,0,1,143
-0.005752206,-0.031564176,0,1,102
0.00034481287,-0.005752206,1,0,87
-0.055428565,0.00034481287,0,1,116
0.0014768839,-0.055428565,1,0,143
-0.004015267,0.0014767647,0,1,208
0.045232654,-0.0040152073,1,0,219
-0.0848369,0.045232654,0,1,219
0.043111384,-0.0848369,1,0,155
0.028230488,0.043111384,1,0,140
0.003387928,0.028230488,1,0,98
-0.021545231,0.003387928,0,1,120
0.021974325,-0.021545231,1,0,138
-0.026287198,0.021974325,0,1,206
-0.044203162,-0.026287198,0,1,148
-0.030858994,-0.044203162,0,1,124
0.06585193,-0.030858994,1,0,100
-0.020693421,0.06585193,0,1,148
-0.03096354,-0.020693362,0,1,184
-0.02446723,-0.03096354,0,1,163
0.013564289,-0.02446723,1,0,257
0.017971635,0.013564348,1,0,420
-0.060580313,0.017971635,0,1,274
0.044636965,-0.060580313,1,0,164
0.04109204,0.044637144,1,0,397
-0.010468662,0.04109204,0,1,268
0.0644688,-0.010468662,1,0,219
-0.008828878,0.06446886,0,1,224
0.03677368,-0.008828878,1,0,186
0.027320504,0.03677368,1,0,165
-0.028135896,0.027320564,0,1,229
0.059374213,-0.028135836,1,0,244
-0.113635,0.059374213,0,1,185
0.00024098158,-0.11363506,1,0,246
0.08377063,0.00024098158,1,0,284
-0.12491113,0.08377063,0,1,224
-0.07137507,-0.12491113,0,1,232
0.06979874,-0.07137504,1,0,251
-0.16197112,0.06979874,0,1,224
-0.042784274,-0.16197112,0,1,264
-0.010439187,-0.042784274,0,1,228
0.13872749,-0.010439187,1,0,235
0.11028659,0.13872749,1,0,216
0.0059100986,0.11028659,1,0,137
0.016776264,0.005910039,1,0,151
0.067703724,0.016776264,1,0,203
-0.032002628,0.067703724,0,1,165
0.109107316,-0.03200257,1,0,142
0.037807405,0.109107316,1,0,145
-0.028249085,0.037807405,0,1,198
-0.10980725,-0.028248906,0,1,179
-0.06927043,-0.10980719,0,1,163
0.037775636,-0.06927043,1,0,184
0.006686628,0.037775636,1,0,121
-0.01016289,0.006686628,0,1,174
0.047974467,-0.01016289,1,0,157
-0.03596735,0.047974646,0,1,171
0.014494956,-0.03596729,1,0,194
-0.033598304,0.014494836,0,1,136
-0.02916509,-0.033598423,0,1,298
-0.06921309,-0.02916509,0,1,241
-0.034118325,-0.06921309,0,1,142
-0.027372122,-0.034118325,0,1,185
0.034795225,-0.027372122,1,0,176
0.030664593,0.034795225,1,0,117
0.03925252,0.030664653,1,0,183
0.079123795,0.03925252,1,0,192
-0.0320884,0.079123795,0,1,157
0.058549583,-0.0320884,1,0,157
0.061703444,0.058549583,1,0,145
-0.011698365,0.061703384,0,1,139
0.015730023,-0.011698365,1,0,171
-0.05306518,0.015730023,0,1,208
-0.07281315,-0.05306524,0,1,296
-0.11573461,-0.07281315,0,1,221
-0.021142453,-0.11573461,0,1,238
-0.071554184,-0.021142423,0,1,240
0.02340743,-0.071554184,1,0,226
-0.054142654,0.02340743,0,1,407
-0.05628273,-0.054142565,0,1,362
-0.072047085,-0.05628273,0,1,246
0.039507717,-0.072047085,1,0,221
0.114768624,0.03950776,1,0,263
0.10096708,0.114768595,1,0,204
0.049313456,0.10096708,1,0,231
0.06379479,0.049313396,1,0,230
-0.07914412,0.06379479,0,1,218
0.012949705,-0.07914412,1,0,248
0.13758838,0.012949705,1,0,259
0.12581623,0.13758838,1,0,249
-0.03420949,0.12581635,0,1,308
-0.07035208,-0.03420961,0,1,304
-0.112154126,-0.07035208,0,1,344
0.06777477,-0.112154126,1,0,246
0.058679044,0.06777489,1,0,293
0.07402545,0.058679044,1,0,238
-0.06932449,0.07402545,0,1,359
-0.0394485,-0.069324434,0,1,337
-0.08896905,-0.0394485,0,1,306
0.002177894,-0.08896905,1,0,485
-0.08219969,0.002177894,0,1,444
-0.04815352,-0.082199514,0,1,362
-0.030295998,-0.04815337,0,1,334
-0.067251146,-0.030295968,0,1,329
-0.04220426,-0.067251146,0,1,356
-0.0088918805,-0.04220432,0,1,346
0.10073081,-0.0088918805,1,0,287
0.041018933,0.10073081,1,0,245
0.08151907,0.041018754,1,0,288
-0.13523626,0.08151907,0,1,277
0.16892517,-0.13523626,1,0,277
0.069366336,0.16892523,1,0,334
0.104319274,0.069366336,1,0,266
0.065506876,0.104319274,1,0,313
-0.019990444,0.06550676,0,1,264
-0.2182703,-0.019990444,0,1,233
0.02622056,-0.2182703,1,0,212
0.05069691,0.0262205,1,0,202
0.1889041,0.05069691,1,0,158
-0.1412946,0.1889041,0,1,165
-0.009439468,-0.14129466,0,1,236
-0.027619839,-0.009439468,0,1,194
-0.0029031634,-0.027619898,0,1,176
-0.007775128,-0.0029029846,0,1,212
0.04816979,-0.007775128,1,0,186
-0.029412746,0.04816979,0,1,196
-0.024250746,-0.029412627,0,1,191
-0.065822124,-0.024250746,0,1,189
0.006611228,-0.065822124,1,0,156
-0.021795452,0.006611228,0,1,145
-0.050323308,-0.021795452,0,1,109
0.034413636,-0.050323308,1,0,143
-0.0020575523,0.034413636,0,1,104
-0.0045748353,-0.0020575523,0,1,141
-0.039339006,-0.004574597,0,1,140
0.041900575,-0.039339006,1,0,205
0.113209486,0.041900575,1,0,184
-0.012803555,0.113209546,0,1,153
-0.025270343,-0.012803555,0,1,156
0.0040735602,-0.025270343,1,0,78
-0.04016006,0.0040735602,0,1,132
0.024374783,-0.04016006,1,0,97
0.025528431,0.024374783,1,0,129
0.0202775,0.025528431,1,0,98
-0.010747433,0.0202775,0,1,103
-0.022910535,-0.010747433,0,1,107
-0.06192106,-0.022910357,0,1,100
0.028576314,-0.06192106,1,0,158
0.088475704,0.028576314,1,0,137
0.0060064793,0.088475525,1,0,129
0.0067611933,0.0060064793,1,0,102
-0.028957188,0.0067611933,0,1,54
0.01647383,-0.028957486,1,0,106
-0.013825119,0.01647389,0,1,142
0.0030744076,-0.013825119,1,0,124
0.0135243535,0.003074348,1,0,80
-0.009703338,0.0135243535,0,1,110
-0.0030322075,-0.009703338,0,1,127
-0.0022035837,-0.0030323267,0,1,71
-0.016566157,-0.0022035837,0,1,81
0.02424103,-0.016566157,1,0,103
0.012673378,0.02424109,1,0,101
-0.016260028,0.012673378,0,1,159
-0.025590241,-0.016260028,0,1,123
0.057697833,-0.025590241,1,0,108
-0.020592391,0.057697833,0,1,116
-0.01532197,-0.020592391,0,1,77
-0.004357338,-0.01532197,0,1,94
-0.016284049,-0.004357338,0,1,105
0.010465205,-0.016284227,1,0,86
-0.03573221,0.010465205,0,1,100
-0.0109218955,-0.03573221,0,1,107
0.025030315,-0.010921955,1,0,130
0.00793618,0.025030315,1,0,89
-0.033755004,0.00793618,0,1,54
0.001572609,-0.033755064,1,0,69
0.02524805,0.001572609,1,0,57
-0.003722608,0.02524805,0,1,37
0.0025090575,-0.003722787,1,0,40
0.022798002,0.0025090575,1,0,37
0.010194719,0.022798002,1,0,57
-0.051861048,0.0101946,0,1,30
-0.014735758,-0.051861048,0,1,37
0.0016189218,-0.014735758,1,0,88
0.019367695,0.0016189814,1,0,67
-0.0086327195,0.019367695,0,1,10
-0.074038744,-0.008632779,0,1,17
-0.035871148,-0.074038744,0,1,34
0.07498902,-0.035871148,1,0,41
-0.010199964,0.07498902,0,1,24
0.030327022,-0.010200024,1,0,12
0.010837972,0.030327022,1,0,49
0.010733783,0.010837972,1,0,58
0.048092484,0.010733664,1,0,52
-0.04604894,0.048092484,0,1,39
0.026754022,-0.04604894,1,0,12
-0.007284224,0.026754022,0,1,87
-0.004415214,-0.007284224,0,1,58
-0.00031626225,-0.0044151545,0,1,56
-0.019749999,-0.00031626225,0,1,52
0.0027444363,-0.019749999,1,0,69
0.03921461,0.0027444363,1,0,54
-0.036418796,0.03921461,0,1,70
0.0012378693,-0.036418796,1,0,71
-0.01660055,0.0012379289,0,1,92
0.027707338,-0.01660055,1,0,65
-0.051068842,0.027707338,0,1,60
0.016888797,-0.051068902,1,0,53
0.07448143,0.016888797,1,0,116
-0.027303398,0.07448143,0,1,83
-0.014801621,-0.027303457,0,1,43
-0.02972889,-0.014801621,0,1,94
0.031324267,-0.02972889,1,0,54
0.0229612,0.031324387,1,0,92
0.010081828,0.0229612,1,0,94
-0.027198613,0.010081828,0,1,49
0.04058385,-0.027198792,1,0,45
-0.066481054,0.04058385,0,1,53
-0.011017919,-0.06648123,0,1,55
0.0067254305,-0.011017919,1,0,158
-0.04905677,0.0067254305,0,1,267
-0.05930671,-0.04905677,0,1,163
0.0077986717,-0.05930674,1,0,124
2.861023e-06,0.0077986717,1,0,115
0.07570934,2.861023e-06,1,0,161
0.0061578155,0.0757094,1,0,118
0.0062360764,0.0061578155,1,0,66
0.018404365,0.0062360764,1,0,101
-0.059722364,0.018404365,0,1,86
0.15960878,-0.059722543,1,0,65
0.028508365,0.15960896,1,0,156
-0.056526184,0.028508365,0,1,139
-0.03823459,-0.056526184,0,1,257
-0.01928842,-0.03823477,0,1,175
0.028583705,-0.01928842,1,0,198
0.029791772,0.028583705,1,0,209
-0.0023587942,0.029791653,0,1,150
0.036346912,-0.0023587942,1,0,174
-0.07055986,0.036346912,0,1,185
-0.01181674,-0.0705598,0,1,149
0.019818604,-0.01181674,1,0,188
-0.0075100064,0.019818604,0,1,140
0.031220257,-0.007509887,1,0,127
-0.039124846,0.031220257,0,1,114
-0.00051802397,-0.039124846,0,1,146
-0.017148197,-0.0005180836,0,1,100
-0.027616918,-0.017148197,0,1,143
0.03458798,-0.027616918,1,0,125
-0.0064904094,0.034588158,0,1,96
-0.0012814403,-0.0064904094,0,1,121
0.046788096,-0.0012813807,1,0,124
-0.013650954,0.046788156,0,1,143
-0.019158483,-0.013650954,0,1,127
0.007795155,-0.019158483,1,0,46
-0.042817235,0.0077950954,0,1,191
-0.038849473,-0.042817235,0,1,172
0.016573787,-0.038849473,1,0,91
-0.0054703355,0.016573727,0,1,124
0.03309357,-0.0054703355,1,0,71
-0.021748185,0.03309357,0,1,95
-0.012624204,-0.021748185,0,1,87
0.01970011,-0.012624204,1,0,100
0.037392616,0.01970011,1,0,157
0.0052449703,0.037392616,1,0,130
0.009338975,0.0052449703,1,0,132
-0.035152018,0.009339035,0,1,146
0.01407516,-0.035152018,1,0,152
0.0066952705,0.01407516,1,0,67
-0.02002877,0.00669533,0,1,81
-0.002342701,-0.02002877,0,1,132
0.032381773,-0.002342701,1,0,131
-0.030519485,0.032381654,0,1,129
0.008877337,-0.030519485,1,0,105
0.031922698,0.008877337,1,0,116
0.008924961,0.031922698,1,0,89
0.0073697567,0.008924961,1,0,112
-0.015650332,0.0073697567,0,1,119
-0.075363934,-0.015650392,0,1,60
0.03200054,-0.075363934,1,0,68
-0.009666264,0.03200054,0,1,75
0.008840799,-0.009666264,1,0,68
-0.00046026707,0.008840859,0,1,67
0.007275462,-0.00046020746,1,0,96
-0.02864635,0.0072754025,0,1,138
0.00785017,-0.02864635,1,0,110
0.016037464,0.00785017,1,0,91
0.031015873,0.016037643,1,0,145
0.048929095,0.031015873,1,0,123
-0.008052945,0.048929095,0,1,105
-0.0115145445,-0.008053064,0,1,148
-0.03536153,-0.0115145445,0,1,162
0.02232033,-0.03536153,1,0,195
0.04218769,0.02232033,1,0,217
-0.013962448,0.042187512,0,1,118
-0.017979562,-0.013962328,0,1,119
-0.024701118,-0.017979562,0,1,105
-0.011877716,-0.024701118,0,1,121
-0.0007584691,-0.011877775,0,1,79
0.019013166,-0.0007584691,1,0,124
0.02005595,0.019013166,1,0,78
-0.04338038,0.020056129,0,1,98
-0.032488585,-0.04338038,0,1,109
-0.026471257,-0.032488585,0,1,77
0.031579852,-0.026471078,1,0,126
0.044314384,0.031579852,1,0,246
0.022838295,0.044314384,1,0,160
-0.00046390295,0.022838295,0,1,157
-0.008936644,-0.00046390295,0,1,151
-0.014196575,-0.008936644,0,1,138
-0.004377842,-0.014196396,0,1,130
0.0027127266,-0.004377842,1,0,138
0.044514656,0.0027127266,1,0,155
-0.07091081,0.044514596,0,1,155
0.02341181,-0.07091081,1,0,150
-0.018677056,0.023411691,0,1,130
0.012041807,-0.018676996,1,0,338
0.034248114,0.012041807,1,0,144
0.019106388,0.034248114,1,0,148
-0.047669053,0.019106328,0,1,79
0.009284496,-0.047669053,1,0,92
-0.009857297,0.009284496,0,1,157
0.033227086,-0.009857297,1,0,139
0.0017775297,0.033227086,1,0,119
-0.02545464,0.0017775297,0,1,180
-0.012447178,-0.02545464,0,1,147
-0.02998197,-0.012447298,0,1,165
0.023565054,-0.02998203,1,0,183
0.007214904,0.023565054,1,0,160
-0.013627291,0.007214904,0,1,143
0.020324051,-0.01362735,1,0,134
0.013848245,0.020324051,1,0,84
-0.04914999,0.013848245,0,1,128
0.06547403,-0.04915005,1,0,143
-0.00016653538,0.06547403,0,1,132
-0.013773084,-0.00016653538,0,1,121
-0.027472556,-0.013773143,0,1,124
0.017387033,-0.027472556,1,0,205
0.024524808,0.017387033,1,0,118
-0.014396429,0.024524987,0,1,116
0.020580292,-0.014396489,1,0,115
-0.01288569,0.020580292,0,1,127
-0.0619843,-0.012885809,0,1,92
-0.008460999,-0.0619843,0,1,88
0.030610442,-0.008460999,1,0,90
-0.0040744543,0.030610442,0,1,97
0.053330123,-0.0040744543,1,0,125
-0.031212032,0.053330243,0,1,111
-0.0012612343,-0.031212032,0,1,129
0.0070831776,-0.0012612343,1,0,112
-0.0145576,0.0070831776,0,1,134
0.029587328,-0.0145576,1,0,89
0.020061135,0.029587328,1,0,65
-0.039987624,0.020061135,0,1,123
0.017586589,-0.039987624,1,0,92
-0.008230686,0.017586589,0,1,114
0.0027148724,-0.008230686,1,0,106
-0.030243099,0.0027148724,0,1,91
-0.0028999448,-0.03024286,0,1,89
0.03280151,-0.0028999448,1,0,98
-0.0057498217,0.03280151,0,1,52
-0.022744715,-0.0057498217,0,1,109
0.022693992,-0.022744775,1,0,58
0.007914305,0.022693992,1,0,76
-0.015060067,0.007914305,0,1,150
0.009926796,-0.015060067,1,0,190
0.017668724,0.009926856,1,0,173
-0.020657897,0.017668724,0,1,124
-0.021901608,-0.020658076,0,1,138
0.02110815,-0.021901608,1,0,194
-0.045816123,0.02110815,0,1,117
0.03770417,-0.045816064,1,0,129
-0.05005437,0.03770417,0,1,140
-0.015286267,-0.05005437,0,1,151
-0.0054201484,-0.015286267,0,1,172
0.0026383996,-0.0054201484,1,0,188
-0.016553938,0.0026383996,0,1,153
0.039190114,-0.016553938,1,0,171
0.03292054,0.039190114,1,0,140
-0.013551176,0.03292048,0,1,124
0.0073395967,-0.013551116,1,0,120
0.049114704,0.0073395967,1,0,141
0.025078833,0.049114704,1,0,131
-0.021321833,0.025078416,0,1,299
-0.086307704,-0.021321833,0,1,305
-0.008872449,-0.086307704,0,1,221
-0.08677757,-0.008872271,0,1,290
0.106206775,-0.08677757,1,0,426
-0.19055939,0.106206775,0,1,392
-0.09899342,-0.19055939,0,1,394
0.12688226,-0.09899339,1,0,248
-0.00022915006,0.1268822,0,1,285
0.031406462,-0.00022915006,1,0,245
0.039549947,0.031406462,1,0,252
0.044498205,0.039550006,1,0,224
-0.018809736,0.044498205,0,1,271
-0.049400926,-0.018809736,0,1,287
0.043972433,-0.049400926,1,0,284
0.08663994,0.043972433,1,0,279
-0.023365438,0.08663994,0,1,299
0.048921824,-0.023365378,1,0,443
-0.1418269,0.048921824,0,1,342
-0.014774948,-0.1418269,0,1,217
-0.009157032,-0.014775008,0,1,214
0.084958404,-0.009157032,1,0,158
0.044742763,0.084958404,1,0,165
-0.0037742257,0.044742644,0,1,198
-0.08350575,-0.0037742257,0,1,183
0.08069426,-0.08350575,1,0,184
-0.01512897,0.08069426,0,1,150
0.072705746,-0.01512897,1,0,154
0.005696118,0.072705746,1,0,133
0.0012581348,0.005696237,1,0,134
-0.023835719,0.0012581348,0,1,183
0.0027778745,-0.023835719,1,0,132
0.0136379,0.0027778745,1,0,169
0.09570968,0.013637841,1,0,99
-0.107580364,0.09570968,0,1,67
0.00258708,-0.107580304,1,0,126
0.0038038492,0.00258708,1,0,149
-0.03821343,0.0038038492,0,1,112
0.0151433945,-0.03821343,1,0,147
-0.022653103,0.015143156,0,1,93
-0.0068736672,-0.022652984,0,1,141
0.02976489,-0.0068736672,1,0,140
-0.0066316724,0.02976489,0,1,159
0.017254174,-0.006631732,1,0,73
0.02829218,0.017254174,1,0,91
-0.006621897,0.02829218,0,1,86
0.026460826,-0.0066217184,1,0,98
-0.025737107,0.026460886,0,1,84
0.010731339,-0.025737107,1,0,118
-0.0033749342,0.010731339,0,1,83
-0.016111255,-0.0033749342,0,1,112
-0.0415774,-0.016111255,0,1,132
-0.0048987865,-0.04157716,0,1,74
-0.042188644,-0.0048987865,0,1,92
0.036411226,-0.042188644,1,0,111
0.011385679,0.036411047,1,0,47
0.0107706785,0.011385679,1,0,65
0.0015575886,0.0107706785,1,0,60
-0.014794409,0.0015575886,0,1,108
-0.060667574,-0.014794409,0,1,113
0.055321157,-0.060667515,1,0,86
0.023943722,0.055321276,1,0,123
-0.016077697,0.023943722,0,1,88
-0.018286347,-0.016077697,0,1,104
-0.028411806,-0.018286407,0,1,101
-0.054367304,-0.028411746,0,1,157
0.055697978,-0.054367304,1,0,141
-0.06546044,0.055698037,0,1,119
-0.003265798,-0.06546044,0,1,123
0.01780945,-0.003265798,1,0,130
0.0047785044,0.01780945,1,0,127
0.045414507,0.004778564,1,0,73
0.014247298,0.045414507,1,0,119
0.03587365,0.014247298,1,0,115
0.04148346,0.03587365,1,0,66
-0.03449011,0.041483402,0,1,102
0.029966772,-0.03449011,1,0,242
0.03764212,0.029966772,1,0,222
0.014390945,0.03764212,1,0,50
-0.015514016,0.014390886,0,1,82
-0.029249668,-0.015514016,0,1,65
-0.03930968,-0.029249847,0,1,35
0.026459932,-0.03930968,1,0,38
0.004116416,0.026459932,1,0,44
0.001760602,0.004116297,1,0,57
0.0010988712,0.001760602,1,0,49
-0.03155482,0.0010988712,0,1,42
-0.040455937,-0.032097638,0,1,63
-0.014287055,-0.04081863,0,1,82
0.05644685,-0.014287055,1,0,78
0.02184087,0.05644703,1,0,36
-0.0013207197,0.02184087,0,1,24
-0.009061992,-0.0013208389,0,1,15
-0.0025215745,-0.009062111,0,1,22
0.012464464,-0.0025215745,1,0,35
0.017749727,0.012464464,1,0,70
-0.023498178,0.017749727,0,1,46
-0.0054535866,-0.023498178,0,1,29
-0.008292317,-0.0054535866,0,1,40
0.012080312,-0.008292258,1,0,48
-0.012097359,0.012080312,0,1,98
0.017522037,-0.012097359,1,0,36
0.006012082,0.017522037,1,0,115
-0.031144857,0.0060120225,0,1,65
-0.00551486,-0.031144917,0,1,75
0.03948748,-0.00551486,1,0,85
-0.022336543,0.03948748,0,1,55
-0.0007288456,-0.022336304,0,1,71
-0.005243838,-0.0007288456,0,1,61
0.0034356117,-0.005243838,1,0,30
0.015120447,0.0034354925,1,0,37
-0.031862676,0.015120447,0,1,25
0.054665983,-0.031862676,1,0,39
-0.05151844,0.05466616,0,1,58
0.023430586,-0.05151844,1,0,88
0.00092577934,0.023430586,1,0,69
-0.0031754375,0.00092577934,0,1,57
-0.008675098,-0.0031753778,0,1,37
0.017326534,-0.008675098,1,0,68
-0.021207094,0.017326593,0,1,41
0.026302695,-0.021207094,1,0,90
0.018256783,0.026302695,1,0,87
-0.005863726,0.018256783,0,1,44
-0.03162545,-0.005863726,0,1,154
0.01006037,-0.03162539,1,0,127
0.014092445,0.010060549,1,0,111
0.021945417,0.014092445,1,0,214
-0.11863446,0.021945417,0,1,175
0.0454185,-0.11863446,1,0,147
0.047488928,0.0454185,1,0,179
-0.087834775,0.047488928,0,1,198
-0.03558612,-0.087834716,0,1,146
0.104745984,-0.03558612,1,0,300
0.08422303,0.104745984,1,0,221
-0.049447536,0.08422303,0,1,193
0.0057895184,-0.049447596,1,0,168
0.09742975,0.005789578,1,0,155
-0.03689623,0.09742975,0,1,240
-0.06722009,-0.03689623,0,1,178
0.06040901,-0.06722027,1,0,163
-0.008683443,0.06040901,0,1,157
-0.08876771,-0.008683443,0,1,203
-0.023050249,-0.08876771,0,1,210
0.003632307,-0.023050249,1,0,237
-0.020912766,0.003632307,0,1,248
0.023671508,-0.020912766,1,0,190
-0.0071138144,0.023671508,0,1,155
0.013548195,-0.0071138144,1,0,213
-0.003991723,0.013548255,0,1,192
0.078354,-0.003991723,1,0,187
-0.003061831,0.078354,0,1,239
-0.03235066,-0.0030617714,0,1,157
-0.06191218,-0.03235066,0,1,93
0.0152336955,-0.06191218,1,0,77
0.0023784041,0.0152336955,1,0,144
0.003958106,0.0023784041,1,0,141
0.0214082,0.003958106,1,0,169
0.016343176,0.0214082,1,0,147
-0.07559639,0.016343176,0,1,149
-0.04109347,-0.07559639,0,1,137
0.0074489117,-0.041093707,1,0,67
0.043459296,0.0074489117,1,0,109
0.02409637,0.043459296,1,0,104
-0.005015254,0.02409637,0,1,150
0.008295774,-0.005015254,1,0,91
-0.08756316,0.008295774,0,1,116
-0.037248105,-0.08756316,0,1,98
0.031913757,-0.037248075,1,0,68
0.10109496,0.031913817,1,0,90
-0.011163235,0.10109496,0,1,94
0.04015839,-0.011163235,1,0,89
-0.009260297,0.04015839,0,1,110
0.014895499,-0.009260297,1,0,85
0.026750207,0.014895499,1,0,94
0.00028431416,0.026750147,1,0,139
0.031151116,0.00028431416,1,0,76
-0.03573823,0.031151116,0,1,68
-0.042134166,-0.03573817,0,1,75
-0.0030385852,-0.042134166,0,1,73
-0.015760362,-0.0030385852,0,1,89
-0.003483653,-0.015760481,0,1,95
0.0139321685,-0.003483653,1,0,89
0.006424248,0.0139321685,1,0,97
0.016439259,0.006424308,1,0,84
-0.051546037,0.016439259,0,1,107
-0.036023438,-0.051546037,0,1,160
0.0026554465,-0.036023438,1,0,100
0.04205662,0.0026554465,1,0,122
-0.04115957,0.04205686,0,1,138
0.05262631,-0.04115933,1,0,116
0.0047202706,0.05262631,1,0,154
-0.010278642,0.0047202706,0,1,112
-0.034765363,-0.010278642,0,1,119
0.035600185,-0.034765363,1,0,100
0.039982617,0.035600185,1,0,95
0.049954176,0.039982677,1,0,139
-0.055369973,0.049954176,0,1,114
0.027611911,-0.055369973,1,0,89
-0.0019664168,0.027611911,0,1,125
-0.033756077,-0.0019662976,0,1,97
0.008362293,-0.033756256,1,0,95
0.017023861,0.008362293,1,0,75
-0.0007030368,0.017023861,0,1,78
-0.020207226,-0.0007029176,0,1,104
0.0022526383,-0.020207226,1,0,99
-0.01297462,0.0022526383,0,1,103
-0.009047389,-0.012974381,0,1,119
-0.03642857,-0.009047389,0,1,103
0.035114706,-0.03642857,1,0,133
-0.039648294,0.035114765,0,1,158
-0.008461654,-0.039648294,0,1,240
0.06360191,-0.008461654,1,0,125
-0.043515325,0.06360203,0,1,194
0.015025735,-0.043515384,1,0,153
-0.027665257,0.015025735,0,1,170
0.059057474,-0.027665257,1,0,125
-0.010830641,0.059057474,0,1,128
0.04342985,-0.010830641,1,0,111
0.017368615,0.04342991,1,0,161
-0.019922137,0.017368615,0,1,147
-0.027781308,-0.019922137,0,1,150
-0.007971704,-0.027781129,0,1,132
-0.027110219,-0.007971704,0,1,248
0.007458508,-0.027110219,1,0,196
-0.053649127,0.007458508,0,1,206
-0.022865117,-0.053649127,0,1,134
0.034273863,-0.022865117,1,0,99
-0.083425105,0.034273982,0,1,113
-0.018254876,-0.083425105,0,1,136
-0.0042185783,-0.018254876,0,1,139
-0.0124587715,-0.0042185783,0,1,201
-0.115630776,-0.0124587715,0,1,205
0.062969804,-0.11563066,1,0,156
0.10469231,0.06296986,1,0,135
0.086384594,0.10469231,1,0,155
0.027608275,0.08638471,1,0,92
0.04278934,0.027608275,1,0,117
0.05048561,0.04278934,1,0,193
0.0075337887,0.05048561,1,0,163
0.028046608,0.0075337887,1,0,114
0.09130341,0.028046608,1,0,181
-0.103132725,0.09130335,0,1,101
-0.10785198,-0.103132725,0,1,105
-0.02120179,-0.10785198,0,1,46
0.0009749532,-0.021201909,1,0,65
-0.0031043887,0.0009749532,0,1,99
0.03409797,-0.0031043887,1,0,107
0.0029234886,0.03409803,1,0,142
-0.021767557,0.0029234886,0,1,98
-0.012404084,-0.021767557,0,1,119
0.07376075,-0.012404203,1,0,136
0.039896727,0.07376075,1,0,132
-0.030715942,0.039896727,0,1,118
-0.031578302,-0.030715823,0,1,128
-0.0059574842,-0.031578302,0,1,104
0.02168274,-0.0059574842,1,0,102
-0.0293895,0.02168274,0,1,123
-0.0035917163,-0.02938956,0,1,121
0.01909411,-0.0035917163,1,0,155
-0.004864216,0.01909411,0,1,136
-0.06642467,-0.004864216,0,1,135
0.019420922,-0.06642467,1,0,125
0.03442335,0.019420922,1,0,107
-0.046091378,0.03442329,0,1,101
-0.0010935664,-0.046091437,0,1,121
0.013390839,-0.0010935664,1,0,84
-0.0012017488,0.013390839,0,1,102
0.025657356,-0.0012016296,1,0,149
-0.09837192,0.025657356,0,1,150
0.051727116,-0.09837192,1,0,123
0.012383282,0.051727057,1,0,212
0.007286668,0.012383223,1,0,148
0.0068202615,0.007286668,1,0,144
-0.016140223,0.0068204403,0,1,151
-0.015534461,-0.016140223,0,1,143
-0.018949449,-0.015534461,0,1,137
0.04009193,-0.018949449,1,0,143
0.028073013,0.04009193,1,0,141
0.01852429,0.028073013,1,0,162
-0.041719496,0.01852429,0,1,150
0.053750813,-0.041719496,1,0,99
-0.039420605,0.053750813,0,1,108
0.06766415,-0.039420605,1,0,313
0.041104674,0.06766415,1,0,327
-0.007052958,0.041104734,0,1,209
-0.04797083,-0.007052958,0,1,148
-0.00245893,-0.04797083,0,1,152
-0.033040345,-0.00245893,0,1,176
0.017338991,-0.033040166,1,0,227
-0.02511251,0.017338932,0,1,244
-0.026881993,-0.02511251,0,1,274
-0.012810349,-0.026881754,0,1,264
-0.052341938,-0.012810349,0,1,239
-0.009996057,-0.052341938,0,1,210
0.018642068,-0.009996057,1,0,310
-0.012924254,0.018642128,0,1,310
-0.024459958,-0.012924135,0,1,262
-0.03936243,-0.024459898,0,1,227
0.058849216,-0.03936243,1,0,210
0.094990134,0.058849216,1,0,258
0.06746876,0.094990134,1,0,273
-0.01785314,0.06746876,0,1,163
-0.03157592,-0.01785326,0,1,253
-0.091309905,-0.03157592,0,1,384
-0.02313888,-0.091309905,0,1,279
0.07806218,-0.023139,1,0,298
0.0027000308,0.07806218,1,0,237
0.00015574694,0.0027000308,1,0,172
-0.042213857,0.00015598536,0,1,223
-0.0877589,-0.042213857,0,1,181
0.04731202,-0.0877589,1,0,154
-0.006760955,0.04731226,0,1,251
-0.0014925599,-0.006760955,0,1,235
0.14589179,-0.0014925599,1,0,173
-0.076609254,0.14589173,0,1,176
0.010815024,-0.07660937,1,0,121
0.006943345,0.010814905,1,0,121
0.008534789,0.0069435835,1,0,133
0.102829754,0.008534789,1,0,139
-0.056283295,0.102829754,0,1,138
-0.01761043,-0.056283295,0,1,158
0.045997977,-0.01761043,1,0,187
-0.0814985,0.045997977,0,1,80
-0.0050123334,-0.081498384,0,1,114
0.005502403,-0.0050123334,1,0,81
-0.019676328,0.005502403,0,1,77
0.014445186,-0.019676328,1,0,81
0.0029354095,0.014445066,1,0,106
-0.059725523,0.0029352903,0,1,57
-0.00043696165,-0.059725523,0,1,105
0.03159696,-0.00043696165,1,0,144
0.0446676,0.03159696,1,0,86
0.03591752,0.0446676,1,0,88
0.004999101,0.03591752,1,0,53
0.015670061,0.0049990416,1,0,57
-0.019918919,0.015670061,0,1,48
-0.009208262,-0.019918919,0,1,82
0.02968347,-0.009208441,1,0,64
-0.00010347366,0.02968347,0,1,39
-0.009990573,-0.00010347366,0,1,42
-0.02387923,-0.009990513,0,1,85
-0.0023652315,-0.02387917,0,1,84
0.0052953362,-0.0023652315,1,0,93
-0.009383857,0.0052953362,0,1,92
0.00913614,-0.009383857,1,0,94
0.021044075,0.00913614,1,0,91
0.0025322437,0.021044135,1,0,122
0.016606033,0.0025322437,1,0,65
-0.019236088,0.016606033,0,1,66
-0.024444282,-0.019235909,0,1,85
-0.014670372,-0.024444282,0,1,77
0.017991722,-0.014670372,1,0,79
-0.010008097,0.01799202,0,1,77
0.03353727,-0.010008097,1,0,119
-0.02155292,0.03353727,0,1,110
-0.0064846277,-0.02155292,0,1,100
-0.041236937,-0.0064846277,0,1,101
0.018812418,-0.041236937,1,0,73
0.026879966,0.018812418,1,0,82
-0.021456838,0.026880205,0,1,67
0.011641085,-0.021456897,1,0,86
0.0018814802,0.011641085,1,0,87
-0.0160985,0.0018814802,0,1,55
-0.025951087,-0.016098559,0,1,51
0.0038618445,-0.025951087,1,0,97
0.021487117,0.0038618445,1,0,136
0.008923888,0.021486998,1,0,84
-0.060183704,0.008923888,0,1,92
0.057080686,-0.060183704,1,0,102
0.015720963,0.057080805,1,0,30
-0.016603231,0.015720963,0,1,26
-0.0011031628,-0.016603231,0,1,22
-0.0005867481,-0.0011031032,0,1,39
0.005084157,-0.0005867481,1,0,29
0.010762513,0.005084157,1,0,23
-0.017646551,0.0107626915,0,1,66
0.034375966,-0.017646551,1,0,60
-0.045583725,0.034375966,0,1,68
-0.03527528,-0.045583785,0,1,14
0.014906645,-0.03527528,1,0,13
0.010312557,0.014906645,1,0,39
0.021973372,0.010312557,1,0,27
0.0031781793,0.021973372,1,0,20
-0.0073488355,0.0031781793,0,1,14
-0.038288474,-0.0073488355,0,1,84
-0.0014776587,-0.038288474,0,1,120
0.014249861,-0.0014776587,1,0,182
-0.04363227,0.014249861,0,1,161
0.0052544475,-0.04363227,1,0,146
-0.0077975392,0.0052544475,0,1,103
0.051303625,-0.0077975392,1,0,81
-0.013095677,0.051303685,0,1,43
0.016759872,-0.013095677,1,0,51
0.03243828,0.016759872,1,0,38
0.044432223,0.03243828,1,0,54
-0.027599454,0.044432044,0,1,33
0.027398229,-0.027599454,1,0,45
-0.042968333,0.027398229,0,1,28
0.006565988,-0.042968333,1,0,41
-0.05031252,0.006565988,0,1,33
0.014087558,-0.05031252,1,0,38
-0.006516278,0.014087617,0,1,49
0.007531047,-0.006516278,1,0,63
0.005262971,0.007531047,1,0,30
0.031230092,0.005262792,1,0,14
-0.012200177,0.031230032,0,1,61
0.0054913163,-0.012200177,1,0,87
-0.003596902,0.0054912567,0,1,88
-0.001997888,-0.003596902,0,1,142
0.023419142,-0.001997888,1,0,115
-0.009385824,0.02341932,0,1,148
0.0054906607,-0.009385824,1,0,151
-0.004624188,0.0054907203,0,1,83
-0.022703588,-0.004624307,0,1,162
-0.045379877,-0.022703588,0,1,244
0.048010647,-0.045379877,1,0,208
0.014305413,0.04801047,1,0,226
0.0008535981,0.014305472,1,0,150
-0.06549233,0.0008535981,0,1,116
0.009914041,-0.06549221,1,0,76
0.012891531,0.009914041,1,0,120
-0.042322874,0.012891531,0,1,182
-0.022186816,-0.042322874,0,1,129
0.13483334,-0.022186875,1,0,120
-0.02537638,0.1348334,0,1,148
-0.043166995,-0.02537638,0,1,126
-0.03139329,-0.043166995,0,1,148
0.011122763,-0.03139335,1,0,96
0.025439978,0.011122763,1,0,97
-0.007184267,0.025439978,0,1,159
-0.024338365,-0.0071843863,0,1,137
0.07322794,-0.024338365,1,0,137
-0.01572615,0.07322794,0,1,275
-0.006249666,-0.01572615,0,1,196
0.0063022375,-0.006249666,1,0,141
-0.013352573,0.0063022375,0,1,162
0.058899343,-0.013352692,1,0,168
-0.026292205,0.058899343,0,1,161
0.003324151,-0.026292205,1,0,196
0.059769332,0.0033242106,1,0,190
-0.06803787,0.059769332,0,1,128
-0.04227209,-0.06803787,0,1,119
0.001793623,-0.04227209,1,0,145
-0.040500104,0.001793623,0,1,86
0.034121633,-0.040500164,1,0,155
0.011369765,0.034121573,1,0,92
-0.08434296,0.011369765,0,1,113
0.00918138,-0.08434296,1,0,153
-0.011420071,0.00918138,0,1,121
-0.03934726,-0.011420071,0,1,155
0.020895213,-0.03934726,1,0,154
0.015442848,0.020895034,1,0,163
-0.008760273,0.015442848,0,1,133
0.0072122216,-0.008760273,1,0,148
-0.023754,0.0072122216,0,1,100
0.022393465,-0.023754,1,0,106
0.035410643,0.022393465,1,0,83
0.038637817,0.035410643,1,0,88
0.06041056,0.038637817,1,0,77
-0.032491982,0.06041062,0,1,128
0.048569143,-0.032491982,1,0,82
-0.017814457,0.048569143,0,1,41
-0.034280777,-0.017814338,0,1,60
0.033298314,-0.034280777,1,0,69
0.003981471,0.033298314,1,0,79
-0.008474052,0.003981471,0,1,101
-0.016572118,-0.008474052,0,1,46
-0.010278344,-0.016572118,0,1,62
0.010063291,-0.010278463,1,0,78
-0.01578927,0.010063291,0,1,53
0.009090185,-0.01578927,1,0,63
0.041572213,0.009090304,1,0,103
-0.009855509,0.041572213,0,1,206
-0.050439417,-0.009855509,0,1,84
0.011350751,-0.050439477,1,0,73
0.021493018,0.0113508105,1,0,91
-0.0086321235,0.021493077,0,1,125
0.023201823,-0.008632243,1,0,100
-0.007444501,0.023201823,0,1,91
0.0009861588,-0.007444501,1,0,54
-0.032415926,0.0009863377,0,1,88
0.019835353,-0.032415926,1,0,135
0.009402692,0.019835353,1,0,175
-0.017478764,0.009402871,0,1,149
-0.012297988,-0.017478764,0,1,99
-0.006431222,-0.012297988,0,1,86
0.0066839457,-0.006431222,1,0,84
-0.008125663,0.0066838264,0,1,119
0.023522973,-0.008125603,1,0,104
-0.01233232,0.023522973,0,1,112
-0.09585309,-0.01233232,0,1,116
0.13917786,-0.09585315,1,0,80
-0.0007677078,0.13917786,0,1,112
0.022926748,-0.0007677078,1,0,77
-0.009211183,0.022926867,0,1,103
-0.021939516,-0.009211183,0,1,124
0.0035412312,-0.021939516,1,0,89
-0.04591191,0.0035413504,0,1,118
0.035993814,-0.04591191,1,0,278
0.004088998,0.035993814,1,0,226
-0.0035581589,0.004088998,0,1,275
-0.026858509,-0.0035581589,0,1,209
-0.01955086,-0.026858509,0,1,178
-0.026839972,-0.01955092,0,1,267
0.08661109,-0.026839972,1,0,240
-0.010436475,0.08661109,0,1,163
0.0005091429,-0.010436356,1,0,137
0.01940614,0.0005091429,1,0,158
0.08968502,0.0194062,1,0,108
-0.13572085,0.0896849,0,1,166
-0.0020586252,-0.13572085,0,1,174
-0.008137584,-0.0020586252,0,1,188
0.05261886,-0.008137584,1,0,149
-0.04685551,0.05261886,0,1,168
0.021665156,-0.04685551,1,0,156
-0.02967912,0.021665096,0,1,175
-0.004165292,-0.02967912,0,1,196
0.030963957,-0.004165292,1,0,200
0.026545107,0.030963957,1,0,151
0.021659732,0.026544869,1,0,157
-0.00082075596,0.021659553,0,1,141
-0.03974116,-0.00082075596,0,1,108
-0.0005233288,-0.03974116,0,1,139
-0.00040191412,-0.0005232692,0,1,215
-0.032635152,-0.00040191412,0,1,128
0.010686815,-0.032635152,1,0,131
-0.041258156,0.010686815,0,1,109
-0.044879615,-0.041258156,0,1,91
-0.037699938,-0.044879615,0,1,137
0.014332056,-0.037699938,1,0,142
0.029766798,0.014332056,1,0,93
-0.037507176,0.029766798,0,1,110
0.046972454,-0.037507236,1,0,100
0.022226214,0.046972454,1,0,139
0.04776013,0.022226214,1,0,136
0.053067565,0.04776013,1,0,132
0.015088797,0.053067565,1,0,110
-0.03399521,0.015088797,0,1,164
-0.022254229,-0.03399515,0,1,87
0.01833272,-0.022254229,1,0,92
0.011576295,0.01833272,1,0,98
-0.0193035,0.011576235,0,1,104
0.012294769,-0.0193035,1,0,110
-0.04292029,0.012294769,0,1,97
-0.036278486,-0.04292023,0,1,121
0.047612965,-0.036278486,1,0,103
0.0198192,0.047612965,1,0,132
0.060459435,0.01981926,1,0,87
-0.06860316,0.060459435,0,1,88
0.006758809,-0.06860316,1,0,79
-0.0027548075,0.006758809,0,1,106
0.04828608,-0.0027546287,1,0,102
-0.027019918,0.04828614,0,1,95
-0.017901659,-0.027019918,0,1,95
0.011363566,-0.017901659,1,0,74
-0.053458393,0.011363566,0,1,96
-0.0017486811,-0.053458393,0,1,123
-0.00085651875,-0.0017486811,0,1,192
0.0058516264,-0.00085651875,1,0,207
-0.023413599,0.005851686,0,1,143
0.030229092,-0.023413599,1,0,171
-0.071285486,0.030228972,0,1,234
-0.030283451,-0.071285486,0,1,161
0.059932113,-0.030283451,1,0,119
-0.034834146,0.059932172,0,1,247
-0.045292526,-0.034834146,0,1,201
-0.068639874,-0.045292526,0,1,188
0.030852735,-0.068639904,1,0,218
0.1027869,0.030852735,1,0,193
-0.013646007,0.1027869,0,1,223
0.08176875,-0.013646066,1,0,240
0.033246636,0.08176875,1,0,248
-0.03411138,0.033246517,0,1,229
0.05393845,-0.03411138,1,0,232
0.058502495,0.05393845,1,0,195
0.02131188,0.058502495,1,0,218
-0.013512313,0.021311998,0,1,329
-0.051310003,-0.013512313,0,1,385
-0.022188246,-0.048214912,0,1,279
0.01097244,-0.023502052,1,0,240
-0.026397645,0.01097244,0,1,210
-0.021235585,-0.026397645,0,1,184
0.012674212,-0.021235585,1,0,262
-0.0066922903,0.012674332,0,1,240
0.000633955,-0.0066922307,1,0,252
-0.0020103455,0.000633955,0,1,248
0.022450984,-0.0020103455,1,0,228
-0.015567899,0.022450924,0,1,211
-0.003911376,-0.015567899,0,1,247
0.022120953,-0.003911376,1,0,204
-0.014262617,0.022120774,0,1,221
-0.010843396,-0.014262676,0,1,217
-0.0010152459,-0.010843396,0,1,188
-0.021956205,-0.0010153651,0,1,276
0.044160306,-0.021956205,1,0,191
-0.056282938,0.044160306,0,1,156
